Name,Variable Count,Locs,Edges,Atomic Stmts,Input Type
adding.1.prop1-back-serstep.yml,138,3,3,178,BTOR2
adding.1.prop1-func-interl.yml,107,3,3,130,BTOR2
adding.2.prop1-back-serstep.yml,138,3,3,178,BTOR2
adding.2.prop1-func-interl.yml,107,3,3,130,BTOR2
adding.3.prop1-back-serstep.yml,138,3,3,178,BTOR2
adding.3.prop1-func-interl.yml,107,3,3,130,BTOR2
adding.4.prop1-back-serstep.yml,138,3,3,178,BTOR2
adding.4.prop1-func-interl.yml,107,3,3,130,BTOR2
adding.5.prop1-back-serstep.yml,138,3,3,178,BTOR2
adding.5.prop1-func-interl.yml,107,3,3,130,BTOR2
adding.6.prop1-back-serstep.yml,138,3,3,178,BTOR2
adding.6.prop1-func-interl.yml,107,3,3,130,BTOR2
anderson.1.prop1-back-serstep.yml,287,3,3,353,BTOR2
anderson.1.prop1-func-interl.yml,236,3,3,271,BTOR2
anderson.2.prop1-back-serstep.yml,435,3,3,530,BTOR2
anderson.2.prop1-func-interl.yml,356,3,3,406,BTOR2
anderson.3.prop1-back-serstep.yml,450,3,3,545,BTOR2
anderson.3.prop1-func-interl.yml,374,3,3,424,BTOR2
anderson.4.prop1-back-serstep.yml,605,3,3,729,BTOR2
anderson.4.prop1-func-interl.yml,500,3,3,565,BTOR2
anderson.5.prop1-back-serstep.yml,824,3,3,977,BTOR2
anderson.5.prop1-func-interl.yml,698,3,3,778,BTOR2
anderson.6.prop1-back-serstep.yml,987,3,3,1169,BTOR2
anderson.6.prop1-func-interl.yml,830,3,3,925,BTOR2
anderson.7.prop1-back-serstep.yml,1035,3,3,1217,BTOR2
anderson.7.prop1-func-interl.yml,884,3,3,979,BTOR2
anderson.8.prop1-back-serstep.yml,1199,3,3,1410,BTOR2
anderson.8.prop1-func-interl.yml,1016,3,3,1126,BTOR2
at.1.prop1-back-serstep.yml,818,3,3,1000,BTOR2
at.1.prop1-func-interl.yml,724,3,3,820,BTOR2
at.2.prop1-back-serstep.yml,818,3,3,1000,BTOR2
at.2.prop1-func-interl.yml,724,3,3,820,BTOR2
at.3.prop1-back-serstep.yml,1080,3,3,1316,BTOR2
at.3.prop1-func-interl.yml,960,3,3,1085,BTOR2
at.4.prop1-back-serstep.yml,1342,3,3,1632,BTOR2
at.4.prop1-func-interl.yml,1196,3,3,1350,BTOR2
at.5.prop1-back-serstep.yml,1342,3,3,1632,BTOR2
at.5.prop1-func-interl.yml,1196,3,3,1350,BTOR2
at.6.prop1-back-serstep.yml,1342,3,3,1632,BTOR2
at.6.prop1-func-interl.yml,1196,3,3,1350,BTOR2
at.7.prop1-back-serstep.yml,1604,3,3,1948,BTOR2
at.7.prop1-func-interl.yml,1432,3,3,1615,BTOR2
bakery.1.prop1-back-serstep.yml,367,3,3,449,BTOR2
bakery.1.prop1-func-interl.yml,282,3,3,324,BTOR2
bakery.2.prop1-back-serstep.yml,367,3,3,449,BTOR2
bakery.2.prop1-func-interl.yml,282,3,3,324,BTOR2
bakery.3.prop1-back-serstep.yml,570,3,3,691,BTOR2
bakery.3.prop1-func-interl.yml,432,3,3,493,BTOR2
bakery.4.prop1-back-serstep.yml,570,3,3,691,BTOR2
bakery.4.prop1-func-interl.yml,432,3,3,493,BTOR2
bakery.5.prop1-back-serstep.yml,787,3,3,947,BTOR2
bakery.5.prop1-func-interl.yml,588,3,3,668,BTOR2
bakery.6.prop1-back-serstep.yml,787,3,3,947,BTOR2
bakery.6.prop1-func-interl.yml,588,3,3,668,BTOR2
bakery.7.prop1-back-serstep.yml,787,3,3,947,BTOR2
bakery.7.prop1-func-interl.yml,588,3,3,668,BTOR2
bakery.8.prop1-back-serstep.yml,1018,3,3,1217,BTOR2
bakery.8.prop1-func-interl.yml,750,3,3,849,BTOR2
blocks.2.prop1-back-serstep.yml,637,3,3,722,BTOR2
blocks.2.prop1-func-interl.yml,524,3,3,564,BTOR2
blocks.3.prop1-back-serstep.yml,961,3,3,1068,BTOR2
blocks.3.prop1-func-interl.yml,786,3,3,836,BTOR2
blocks.4.prop1-back-serstep.yml,1349,3,3,1478,BTOR2
blocks.4.prop1-func-interl.yml,1088,3,3,1148,BTOR2
bridge.1.prop1-back-serstep.yml,866,3,3,991,BTOR2
bridge.1.prop1-func-interl.yml,707,3,3,778,BTOR2
bridge.2.prop1-back-serstep.yml,1258,3,3,1427,BTOR2
bridge.2.prop1-func-interl.yml,1033,3,3,1132,BTOR2
bridge.3.prop1-back-serstep.yml,1650,3,3,1863,BTOR2
bridge.3.prop1-func-interl.yml,1359,3,3,1486,BTOR2
brp.1.prop1-back-serstep.yml,765,3,3,930,BTOR2
brp.1.prop1-func-interl.yml,653,3,3,731,BTOR2
brp.2.prop1-back-serstep.yml,750,3,3,913,BTOR2
brp.2.prop1-func-interl.yml,634,3,3,710,BTOR2
brp.3.prop1-back-serstep.yml,799,3,3,969,BTOR2
brp.3.prop1-func-interl.yml,697,3,3,780,BTOR2
brp.4.prop1-back-serstep.yml,869,3,3,1049,BTOR2
brp.4.prop1-func-interl.yml,787,3,3,880,BTOR2
brp.5.prop1-back-serstep.yml,869,3,3,1049,BTOR2
brp.5.prop1-func-interl.yml,787,3,3,880,BTOR2
brp.6.prop1-back-serstep.yml,939,3,3,1129,BTOR2
brp.6.prop1-func-interl.yml,877,3,3,980,BTOR2
brp2.1.prop1-back-serstep.yml,877,3,3,1060,BTOR2
brp2.1.prop1-func-interl.yml,706,3,3,790,BTOR2
brp2.1.prop2-back-serstep.yml,877,3,3,1060,BTOR2
brp2.1.prop2-func-interl.yml,704,3,3,792,BTOR2
brp2.1.prop3-back-serstep.yml,879,3,3,1062,BTOR2
brp2.1.prop3-func-interl.yml,708,3,3,793,BTOR2
brp2.2.prop1-back-serstep.yml,877,3,3,1060,BTOR2
brp2.2.prop1-func-interl.yml,706,3,3,790,BTOR2
brp2.2.prop2-back-serstep.yml,877,3,3,1060,BTOR2
brp2.2.prop2-func-interl.yml,704,3,3,792,BTOR2
brp2.2.prop3-back-serstep.yml,879,3,3,1062,BTOR2
brp2.2.prop3-func-interl.yml,708,3,3,793,BTOR2
brp2.3.prop1-back-serstep.yml,877,3,3,1060,BTOR2
brp2.3.prop1-func-interl.yml,706,3,3,790,BTOR2
brp2.3.prop2-back-serstep.yml,877,3,3,1060,BTOR2
brp2.3.prop2-func-interl.yml,704,3,3,792,BTOR2
brp2.3.prop3-back-serstep.yml,879,3,3,1062,BTOR2
brp2.3.prop3-func-interl.yml,708,3,3,793,BTOR2
brp2.4.prop1-back-serstep.yml,877,3,3,1060,BTOR2
brp2.4.prop1-func-interl.yml,706,3,3,790,BTOR2
brp2.4.prop2-back-serstep.yml,877,3,3,1060,BTOR2
brp2.4.prop2-func-interl.yml,704,3,3,792,BTOR2
brp2.4.prop3-back-serstep.yml,879,3,3,1062,BTOR2
brp2.4.prop3-func-interl.yml,708,3,3,793,BTOR2
brp2.5.prop1-back-serstep.yml,877,3,3,1060,BTOR2
brp2.5.prop1-func-interl.yml,706,3,3,790,BTOR2
brp2.5.prop2-back-serstep.yml,877,3,3,1060,BTOR2
brp2.5.prop2-func-interl.yml,704,3,3,792,BTOR2
brp2.5.prop3-back-serstep.yml,879,3,3,1062,BTOR2
brp2.5.prop3-func-interl.yml,708,3,3,793,BTOR2
brp2.6.prop1-back-serstep.yml,877,3,3,1060,BTOR2
brp2.6.prop1-func-interl.yml,706,3,3,790,BTOR2
brp2.6.prop2-back-serstep.yml,877,3,3,1060,BTOR2
brp2.6.prop2-func-interl.yml,704,3,3,792,BTOR2
brp2.6.prop3-back-serstep.yml,879,3,3,1062,BTOR2
brp2.6.prop3-func-interl.yml,708,3,3,793,BTOR2
cambridge.1.prop1-back-serstep.yml,1421,3,3,1612,BTOR2
cambridge.1.prop1-func-interl.yml,1037,3,3,1136,BTOR2
cambridge.1.prop2-back-serstep.yml,1421,3,3,1612,BTOR2
cambridge.1.prop2-func-interl.yml,1037,3,3,1136,BTOR2
cambridge.2.prop1-back-serstep.yml,1447,3,3,1640,BTOR2
cambridge.2.prop1-func-interl.yml,1059,3,3,1160,BTOR2
cambridge.2.prop2-back-serstep.yml,1447,3,3,1640,BTOR2
cambridge.2.prop2-func-interl.yml,1059,3,3,1160,BTOR2
cambridge.3.prop1-back-serstep.yml,1515,3,3,1714,BTOR2
cambridge.3.prop1-func-interl.yml,1103,3,3,1204,BTOR2
cambridge.3.prop2-back-serstep.yml,1515,3,3,1714,BTOR2
cambridge.3.prop2-func-interl.yml,1103,3,3,1204,BTOR2
cambridge.4.prop1-back-serstep.yml,1602,3,3,1809,BTOR2
cambridge.4.prop1-func-interl.yml,1168,3,3,1271,BTOR2
cambridge.4.prop2-back-serstep.yml,1602,3,3,1809,BTOR2
cambridge.4.prop2-func-interl.yml,1168,3,3,1271,BTOR2
cambridge.5.prop1-back-serstep.yml,2119,3,3,2368,BTOR2
cambridge.5.prop1-func-interl.yml,1535,3,3,1650,BTOR2
cambridge.5.prop2-back-serstep.yml,2119,3,3,2368,BTOR2
cambridge.5.prop2-func-interl.yml,1535,3,3,1650,BTOR2
cambridge.6.prop1-back-serstep.yml,2549,3,3,2836,BTOR2
cambridge.6.prop1-func-interl.yml,1829,3,3,1952,BTOR2
cambridge.6.prop2-back-serstep.yml,2549,3,3,2836,BTOR2
cambridge.6.prop2-func-interl.yml,1829,3,3,1952,BTOR2
cambridge.7.prop1-back-serstep.yml,3079,3,3,3408,BTOR2
cambridge.7.prop1-func-interl.yml,2215,3,3,2350,BTOR2
cambridge.7.prop2-back-serstep.yml,3079,3,3,3408,BTOR2
cambridge.7.prop2-func-interl.yml,2215,3,3,2350,BTOR2
collision.1.prop1-back-serstep.yml,623,3,3,744,BTOR2
collision.1.prop1-func-interl.yml,505,3,3,566,BTOR2
collision.2.prop1-back-serstep.yml,622,3,3,743,BTOR2
collision.2.prop1-func-interl.yml,504,3,3,565,BTOR2
collision.3.prop1-back-serstep.yml,839,3,3,997,BTOR2
collision.3.prop1-func-interl.yml,682,3,3,762,BTOR2
collision.4.prop1-back-serstep.yml,1055,3,3,1250,BTOR2
collision.4.prop1-func-interl.yml,859,3,3,958,BTOR2
collision.5.prop1-back-serstep.yml,1052,3,3,1247,BTOR2
collision.5.prop1-func-interl.yml,856,3,3,955,BTOR2
collision.6.prop1-back-serstep.yml,1271,3,3,1503,BTOR2
collision.6.prop1-func-interl.yml,1036,3,3,1154,BTOR2
count2.yml,3,3,3,8,BTOR2
count4.yml,3,3,3,8,BTOR2
cyclic_scheduler.1.prop1-back-serstep.yml,1139,3,3,1423,BTOR2
cyclic_scheduler.1.prop1-func-interl.yml,928,3,3,1052,BTOR2
cyclic_scheduler.2.prop1-back-serstep.yml,703,3,3,882,BTOR2
cyclic_scheduler.2.prop1-func-interl.yml,570,3,3,649,BTOR2
cyclic_scheduler.3.prop1-back-serstep.yml,1849,3,3,2308,BTOR2
cyclic_scheduler.3.prop1-func-interl.yml,1508,3,3,1707,BTOR2
cyclic_scheduler.4.prop1-back-serstep.yml,1263,3,3,1582,BTOR2
cyclic_scheduler.4.prop1-func-interl.yml,1026,3,3,1165,BTOR2
driving_phils.1.prop1-back-serstep.yml,934,3,3,1091,BTOR2
driving_phils.1.prop1-func-interl.yml,664,3,3,746,BTOR2
driving_phils.2.prop1-back-serstep.yml,974,3,3,1162,BTOR2
driving_phils.2.prop1-func-interl.yml,669,3,3,755,BTOR2
driving_phils.3.prop1-back-serstep.yml,1270,3,3,1472,BTOR2
driving_phils.3.prop1-func-interl.yml,900,3,3,1003,BTOR2
driving_phils.4.prop1-back-serstep.yml,1410,3,3,1645,BTOR2
driving_phils.4.prop1-func-interl.yml,987,3,3,1099,BTOR2
driving_phils.5.prop1-back-serstep.yml,1214,3,3,1439,BTOR2
driving_phils.5.prop1-func-interl.yml,838,3,3,937,BTOR2
elevator.1.prop1-back-serstep.yml,774,3,3,944,BTOR2
elevator.1.prop1-func-interl.yml,644,3,3,722,BTOR2
elevator.2.prop1-back-serstep.yml,674,3,3,826,BTOR2
elevator.2.prop1-func-interl.yml,554,3,3,623,BTOR2
elevator.3.prop1-back-serstep.yml,1079,3,3,1312,BTOR2
elevator.3.prop1-func-interl.yml,907,3,3,1012,BTOR2
elevator.4.prop1-back-serstep.yml,980,3,3,1202,BTOR2
elevator.4.prop1-func-interl.yml,808,3,3,905,BTOR2
elevator.5.prop1-back-serstep.yml,1481,3,3,1804,BTOR2
elevator.5.prop1-func-interl.yml,1245,3,3,1386,BTOR2
elevator_planning.1.prop1-back-serstep.yml,553,3,3,683,BTOR2
elevator_planning.1.prop1-func-interl.yml,393,3,3,440,BTOR2
elevator_planning.2.prop1-back-serstep.yml,749,3,3,917,BTOR2
elevator_planning.2.prop1-func-interl.yml,531,3,3,592,BTOR2
elevator_planning.3.prop1-back-serstep.yml,475,3,3,590,BTOR2
elevator_planning.3.prop1-func-interl.yml,340,3,3,384,BTOR2
exit.1.prop1-back-serstep.yml,853,3,3,1037,BTOR2
exit.1.prop1-func-interl.yml,646,3,3,733,BTOR2
exit.2.prop1-back-serstep.yml,1529,3,3,1797,BTOR2
exit.2.prop1-func-interl.yml,1208,3,3,1352,BTOR2
exit.3.prop1-back-serstep.yml,1529,3,3,1797,BTOR2
exit.3.prop1-func-interl.yml,1209,3,3,1353,BTOR2
exit.4.prop1-back-serstep.yml,1529,3,3,1797,BTOR2
exit.4.prop1-func-interl.yml,1209,3,3,1353,BTOR2
exit.5.prop1-back-serstep.yml,2205,3,3,2557,BTOR2
exit.5.prop1-func-interl.yml,1771,3,3,1972,BTOR2
extinction.1.prop1-back-serstep.yml,1874,3,3,2219,BTOR2
extinction.1.prop1-func-interl.yml,1465,3,3,1626,BTOR2
extinction.2.prop1-back-serstep.yml,2546,3,3,2975,BTOR2
extinction.2.prop1-func-interl.yml,1878,3,3,2060,BTOR2
extinction.3.prop1-back-serstep.yml,2510,3,3,2958,BTOR2
extinction.3.prop1-func-interl.yml,1987,3,3,2202,BTOR2
extinction.4.prop1-back-serstep.yml,2705,3,3,3161,BTOR2
extinction.4.prop1-func-interl.yml,2109,3,3,2332,BTOR2
factorial4even.yml,8,4,5,17,BTOR2
firewire_tree.1.prop1-back-serstep.yml,9457,3,3,11021,BTOR2
firewire_tree.1.prop1-func-interl.yml,8470,3,3,9288,BTOR2
firewire_tree.1.prop2-back-serstep.yml,9457,3,3,11021,BTOR2
firewire_tree.1.prop2-func-interl.yml,8470,3,3,9289,BTOR2
firewire_tree.1.prop3-back-serstep.yml,9457,3,3,11021,BTOR2
firewire_tree.1.prop3-func-interl.yml,8470,3,3,9289,BTOR2
firewire_tree.2.prop1-back-serstep.yml,4578,3,3,5394,BTOR2
firewire_tree.2.prop1-func-interl.yml,4118,3,3,4538,BTOR2
firewire_tree.2.prop2-back-serstep.yml,4578,3,3,5394,BTOR2
firewire_tree.2.prop2-func-interl.yml,4118,3,3,4539,BTOR2
firewire_tree.2.prop3-back-serstep.yml,4578,3,3,5394,BTOR2
firewire_tree.2.prop3-func-interl.yml,4118,3,3,4539,BTOR2
firewire_tree.3.prop1-back-serstep.yml,9457,3,3,11021,BTOR2
firewire_tree.3.prop1-func-interl.yml,8466,3,3,9284,BTOR2
firewire_tree.3.prop2-back-serstep.yml,9457,3,3,11021,BTOR2
firewire_tree.3.prop2-func-interl.yml,8466,3,3,9285,BTOR2
firewire_tree.3.prop3-back-serstep.yml,9457,3,3,11021,BTOR2
firewire_tree.3.prop3-func-interl.yml,8466,3,3,9285,BTOR2
firewire_tree.4.prop1-back-serstep.yml,12630,3,3,14655,BTOR2
firewire_tree.4.prop1-func-interl.yml,11255,3,3,12320,BTOR2
firewire_tree.4.prop2-back-serstep.yml,12630,3,3,14655,BTOR2
firewire_tree.4.prop2-func-interl.yml,11255,3,3,12321,BTOR2
firewire_tree.4.prop3-back-serstep.yml,12630,3,3,14655,BTOR2
firewire_tree.4.prop3-func-interl.yml,11255,3,3,12321,BTOR2
fischer.1.prop1-back-serstep.yml,341,3,3,419,BTOR2
fischer.1.prop1-func-interl.yml,302,3,3,348,BTOR2
fischer.2.prop1-back-serstep.yml,448,3,3,548,BTOR2
fischer.2.prop1-func-interl.yml,399,3,3,458,BTOR2
fischer.3.prop1-back-serstep.yml,662,3,3,806,BTOR2
fischer.3.prop1-func-interl.yml,593,3,3,678,BTOR2
fischer.4.prop1-back-serstep.yml,769,3,3,935,BTOR2
fischer.4.prop1-func-interl.yml,690,3,3,788,BTOR2
fischer.5.prop1-back-serstep.yml,769,3,3,935,BTOR2
fischer.5.prop1-func-interl.yml,690,3,3,788,BTOR2
fischer.6.prop1-back-serstep.yml,876,3,3,1064,BTOR2
fischer.6.prop1-func-interl.yml,787,3,3,898,BTOR2
fischer.7.prop1-back-serstep.yml,876,3,3,1064,BTOR2
fischer.7.prop1-func-interl.yml,787,3,3,898,BTOR2
frogs.1.prop1-back-serstep.yml,1386,3,3,1487,BTOR2
frogs.1.prop1-func-interl.yml,1057,3,3,1093,BTOR2
frogs.2.prop1-back-serstep.yml,1252,3,3,1345,BTOR2
frogs.2.prop1-func-interl.yml,956,3,3,990,BTOR2
frogs.3.prop1-back-serstep.yml,2394,3,3,2551,BTOR2
frogs.3.prop1-func-interl.yml,1813,3,3,1863,BTOR2
frogs.4.prop1-back-serstep.yml,1972,3,3,2105,BTOR2
frogs.4.prop1-func-interl.yml,1496,3,3,1540,BTOR2
frogs.5.prop1-back-serstep.yml,2330,3,3,2483,BTOR2
frogs.5.prop1-func-interl.yml,1762,3,3,1811,BTOR2
gear.1.prop1-back-serstep.yml,1165,3,3,1397,BTOR2
gear.1.prop1-func-interl.yml,997,3,3,1111,BTOR2
gear.1.prop2-back-serstep.yml,1164,3,3,1396,BTOR2
gear.1.prop2-func-interl.yml,996,3,3,1107,BTOR2
gear.1.prop3-back-serstep.yml,1164,3,3,1396,BTOR2
gear.1.prop3-func-interl.yml,996,3,3,1107,BTOR2
gear.1.prop4-back-serstep.yml,1164,3,3,1396,BTOR2
gear.1.prop4-func-interl.yml,996,3,3,1107,BTOR2
gear.2.prop1-back-serstep.yml,1165,3,3,1397,BTOR2
gear.2.prop1-func-interl.yml,997,3,3,1111,BTOR2
gear.2.prop2-back-serstep.yml,1164,3,3,1396,BTOR2
gear.2.prop2-func-interl.yml,996,3,3,1107,BTOR2
gear.2.prop3-back-serstep.yml,1164,3,3,1396,BTOR2
gear.2.prop3-func-interl.yml,996,3,3,1107,BTOR2
gear.2.prop4-back-serstep.yml,1164,3,3,1396,BTOR2
gear.2.prop4-func-interl.yml,996,3,3,1107,BTOR2
hanoi.1.prop1-back-serstep.yml,789,3,3,937,BTOR2
hanoi.1.prop1-func-interl.yml,442,3,3,490,BTOR2
hanoi.2.prop1-back-serstep.yml,1077,3,3,1273,BTOR2
hanoi.2.prop1-func-interl.yml,594,3,3,654,BTOR2
hanoi.3.prop1-back-serstep.yml,1293,3,3,1525,BTOR2
hanoi.3.prop1-func-interl.yml,708,3,3,777,BTOR2
hanoi.4.prop1-back-serstep.yml,1437,3,3,1693,BTOR2
hanoi.4.prop1-func-interl.yml,784,3,3,859,BTOR2
Huffman_dec.yml,193,3,3,285,BTOR2
Huffman_enc.yml,103,3,3,115,BTOR2
iprotocol.1.prop1-back-serstep.yml,803,3,3,982,BTOR2
iprotocol.1.prop1-func-interl.yml,643,3,3,723,BTOR2
iprotocol.2.prop1-back-serstep.yml,839,3,3,1026,BTOR2
iprotocol.2.prop1-func-interl.yml,662,3,3,744,BTOR2
iprotocol.3.prop1-back-serstep.yml,911,3,3,1114,BTOR2
iprotocol.3.prop1-func-interl.yml,700,3,3,786,BTOR2
iprotocol.4.prop1-back-serstep.yml,983,3,3,1202,BTOR2
iprotocol.4.prop1-func-interl.yml,738,3,3,828,BTOR2
iprotocol.5.prop1-back-serstep.yml,1055,3,3,1290,BTOR2
iprotocol.5.prop1-func-interl.yml,776,3,3,870,BTOR2
iprotocol.6.prop1-back-serstep.yml,1055,3,3,1290,BTOR2
iprotocol.6.prop1-func-interl.yml,776,3,3,870,BTOR2
iprotocol.7.prop1-back-serstep.yml,1127,3,3,1378,BTOR2
iprotocol.7.prop1-func-interl.yml,814,3,3,912,BTOR2
krebs.1.prop1-back-serstep.yml,417,3,3,518,BTOR2
krebs.1.prop1-func-interl.yml,292,3,3,333,BTOR2
krebs.2.prop1-back-serstep.yml,592,3,3,723,BTOR2
krebs.2.prop1-func-interl.yml,408,3,3,463,BTOR2
krebs.3.prop1-back-serstep.yml,592,3,3,723,BTOR2
krebs.3.prop1-func-interl.yml,408,3,3,463,BTOR2
krebs.4.prop1-back-serstep.yml,767,3,3,928,BTOR2
krebs.4.prop1-func-interl.yml,524,3,3,593,BTOR2
lamport.1.prop1-back-serstep.yml,720,3,3,888,BTOR2
lamport.1.prop1-func-interl.yml,640,3,3,730,BTOR2
lamport.2.prop1-back-serstep.yml,741,3,3,909,BTOR2
lamport.2.prop1-func-interl.yml,655,3,3,745,BTOR2
lamport.3.prop1-back-serstep.yml,720,3,3,888,BTOR2
lamport.3.prop1-func-interl.yml,638,3,3,728,BTOR2
lamport.5.prop1-back-serstep.yml,963,3,3,1183,BTOR2
lamport.5.prop1-func-interl.yml,859,3,3,977,BTOR2
lamport.6.prop1-back-serstep.yml,1003,3,3,1223,BTOR2
lamport.6.prop1-func-interl.yml,887,3,3,1005,BTOR2
lamport.7.prop1-back-serstep.yml,1210,3,3,1482,BTOR2
lamport.7.prop1-func-interl.yml,1082,3,3,1228,BTOR2
lamport.8.prop1-back-serstep.yml,1210,3,3,1482,BTOR2
lamport.8.prop1-func-interl.yml,1078,3,3,1224,BTOR2
lamport_nonatomic.1.prop1-back-serstep.yml,1869,3,3,2194,BTOR2
lamport_nonatomic.1.prop1-func-interl.yml,1803,3,3,2014,BTOR2
lamport_nonatomic.2.prop1-back-serstep.yml,1869,3,3,2194,BTOR2
lamport_nonatomic.2.prop1-func-interl.yml,1803,3,3,2014,BTOR2
lamport_nonatomic.3.prop1-back-serstep.yml,1875,3,3,2200,BTOR2
lamport_nonatomic.3.prop1-func-interl.yml,1809,3,3,2020,BTOR2
lamport_nonatomic.4.prop1-back-serstep.yml,2927,3,3,3407,BTOR2
lamport_nonatomic.4.prop1-func-interl.yml,2884,3,3,3212,BTOR2
lamport_nonatomic.5.prop1-back-serstep.yml,4203,3,3,4862,BTOR2
lamport_nonatomic.5.prop1-func-interl.yml,4205,3,3,4674,BTOR2
lann.1.prop1-back-serstep.yml,521,3,3,633,BTOR2
lann.1.prop1-func-interl.yml,456,3,3,517,BTOR2
lann.2.prop1-back-serstep.yml,725,3,3,889,BTOR2
lann.2.prop1-func-interl.yml,616,3,3,700,BTOR2
lann.3.prop1-back-serstep.yml,705,3,3,857,BTOR2
lann.3.prop1-func-interl.yml,624,3,3,708,BTOR2
lann.4.prop1-back-serstep.yml,922,3,3,1126,BTOR2
lann.4.prop1-func-interl.yml,790,3,3,894,BTOR2
lann.5.prop1-back-serstep.yml,1087,3,3,1331,BTOR2
lann.5.prop1-func-interl.yml,924,3,3,1048,BTOR2
lann.6.prop1-back-serstep.yml,718,3,3,870,BTOR2
lann.6.prop1-func-interl.yml,640,3,3,724,BTOR2
lann.7.prop1-back-serstep.yml,881,3,3,1070,BTOR2
lann.7.prop1-func-interl.yml,780,3,3,884,BTOR2
lann.8.prop1-back-serstep.yml,897,3,3,1086,BTOR2
lann.8.prop1-func-interl.yml,800,3,3,904,BTOR2
leader_election.1.prop1-back-serstep.yml,3379,3,3,3982,BTOR2
leader_election.1.prop1-func-interl.yml,2423,3,3,2665,BTOR2
leader_election.2.prop1-back-serstep.yml,3379,3,3,3982,BTOR2
leader_election.2.prop1-func-interl.yml,2423,3,3,2665,BTOR2
leader_election.3.prop1-back-serstep.yml,4389,3,3,5159,BTOR2
leader_election.3.prop1-func-interl.yml,3111,3,3,3412,BTOR2
leader_election.4.prop1-back-serstep.yml,5511,3,3,6464,BTOR2
leader_election.4.prop1-func-interl.yml,3867,3,3,4231,BTOR2
leader_election.5.prop1-back-serstep.yml,6745,3,3,7897,BTOR2
leader_election.5.prop1-func-interl.yml,4691,3,3,5122,BTOR2
leader_election.6.prop1-back-serstep.yml,8091,3,3,9458,BTOR2
leader_election.6.prop1-func-interl.yml,5581,3,3,6083,BTOR2
leader_filters.1.prop1-back-serstep.yml,849,3,3,1045,BTOR2
leader_filters.1.prop1-func-interl.yml,696,3,3,784,BTOR2
leader_filters.2.prop1-back-serstep.yml,831,3,3,1027,BTOR2
leader_filters.2.prop1-func-interl.yml,678,3,3,766,BTOR2
leader_filters.3.prop1-back-serstep.yml,1101,3,3,1341,BTOR2
leader_filters.3.prop1-func-interl.yml,923,3,3,1034,BTOR2
leader_filters.4.prop1-back-serstep.yml,1061,3,3,1301,BTOR2
leader_filters.4.prop1-func-interl.yml,883,3,3,994,BTOR2
leader_filters.5.prop1-back-serstep.yml,1436,3,3,1732,BTOR2
leader_filters.5.prop1-func-interl.yml,1218,3,3,1355,BTOR2
leader_filters.6.prop1-back-serstep.yml,1401,3,3,1697,BTOR2
leader_filters.6.prop1-func-interl.yml,1183,3,3,1320,BTOR2
leader_filters.7.prop1-back-serstep.yml,1701,3,3,2041,BTOR2
leader_filters.7.prop1-func-interl.yml,1458,3,3,1618,BTOR2
lifts.1.prop1-back-serstep.yml,2537,3,3,2891,BTOR2
lifts.1.prop1-func-interl.yml,2161,3,3,2366,BTOR2
lifts.2.prop1-back-serstep.yml,2522,3,3,2873,BTOR2
lifts.2.prop1-func-interl.yml,2150,3,3,2354,BTOR2
lifts.3.prop1-back-serstep.yml,3807,3,3,4317,BTOR2
lifts.3.prop1-func-interl.yml,3207,3,3,3506,BTOR2
lifts.4.prop1-back-serstep.yml,3785,3,3,4289,BTOR2
lifts.4.prop1-func-interl.yml,3187,3,3,3484,BTOR2
lifts.5.prop1-back-serstep.yml,3768,3,3,4269,BTOR2
lifts.5.prop1-func-interl.yml,3174,3,3,3470,BTOR2
lifts.6.prop1-back-serstep.yml,5095,3,3,5755,BTOR2
lifts.6.prop1-func-interl.yml,4235,3,3,4626,BTOR2
lifts.7.prop1-back-serstep.yml,5073,3,3,5727,BTOR2
lifts.7.prop1-func-interl.yml,4213,3,3,4602,BTOR2
lifts.8.prop1-back-serstep.yml,5054,3,3,5705,BTOR2
lifts.8.prop1-func-interl.yml,4198,3,3,4586,BTOR2
loyd.1.prop1-back-serstep.yml,311,3,3,361,BTOR2
loyd.1.prop1-func-interl.yml,251,3,3,271,BTOR2
loyd.2.prop1-back-serstep.yml,419,3,3,481,BTOR2
loyd.2.prop1-func-interl.yml,341,3,3,364,BTOR2
loyd.3.prop1-back-serstep.yml,527,3,3,601,BTOR2
loyd.3.prop1-func-interl.yml,431,3,3,457,BTOR2
lup.1.prop1-back-serstep.yml,912,3,3,1043,BTOR2
lup.1.prop1-func-interl.yml,692,3,3,771,BTOR2
lup.2.prop1-back-serstep.yml,1894,3,3,2145,BTOR2
lup.2.prop1-func-interl.yml,1376,3,3,1527,BTOR2
lup.3.prop1-back-serstep.yml,2147,3,3,2428,BTOR2
lup.3.prop1-func-interl.yml,1547,3,3,1716,BTOR2
lup.4.prop1-back-serstep.yml,2403,3,3,2714,BTOR2
lup.4.prop1-func-interl.yml,1718,3,3,1905,BTOR2
mcs.1.prop1-back-serstep.yml,729,3,3,902,BTOR2
mcs.1.prop1-func-interl.yml,639,3,3,728,BTOR2
mcs.2.prop1-back-serstep.yml,705,3,3,878,BTOR2
mcs.2.prop1-func-interl.yml,615,3,3,704,BTOR2
mcs.3.prop1-back-serstep.yml,993,3,3,1221,BTOR2
mcs.3.prop1-func-interl.yml,875,3,3,992,BTOR2
mcs.4.prop1-back-serstep.yml,949,3,3,1177,BTOR2
mcs.4.prop1-func-interl.yml,831,3,3,948,BTOR2
mcs.5.prop1-back-serstep.yml,1269,3,3,1552,BTOR2
mcs.5.prop1-func-interl.yml,1123,3,3,1268,BTOR2
mcs.6.prop1-back-serstep.yml,1199,3,3,1482,BTOR2
mcs.6.prop1-func-interl.yml,1053,3,3,1198,BTOR2
msmie.1.prop1-back-serstep.yml,1227,3,3,1457,BTOR2
msmie.1.prop1-func-interl.yml,1109,3,3,1243,BTOR2
msmie.2.prop1-back-serstep.yml,2591,3,3,3076,BTOR2
msmie.2.prop1-func-interl.yml,2315,3,3,2593,BTOR2
msmie.3.prop1-back-serstep.yml,3403,3,3,3974,BTOR2
msmie.3.prop1-func-interl.yml,3089,3,3,3447,BTOR2
msmie.4.prop1-back-serstep.yml,5876,3,3,6812,BTOR2
msmie.4.prop1-func-interl.yml,5366,3,3,5978,BTOR2
needham.1.prop1-back-serstep.yml,804,3,3,970,BTOR2
needham.1.prop1-func-interl.yml,747,3,3,839,BTOR2
needham.1.prop2-back-serstep.yml,804,3,3,970,BTOR2
needham.1.prop2-func-interl.yml,746,3,3,838,BTOR2
needham.1.prop3-back-serstep.yml,804,3,3,970,BTOR2
needham.1.prop3-func-interl.yml,746,3,3,838,BTOR2
needham.1.prop4-back-serstep.yml,807,3,3,973,BTOR2
needham.1.prop4-func-interl.yml,748,3,3,843,BTOR2
needham.2.prop1-back-serstep.yml,1382,3,3,1650,BTOR2
needham.2.prop1-func-interl.yml,1309,3,3,1462,BTOR2
needham.2.prop2-back-serstep.yml,1382,3,3,1650,BTOR2
needham.2.prop2-func-interl.yml,1308,3,3,1461,BTOR2
needham.2.prop3-back-serstep.yml,1382,3,3,1650,BTOR2
needham.2.prop3-func-interl.yml,1308,3,3,1461,BTOR2
needham.2.prop4-back-serstep.yml,1385,3,3,1653,BTOR2
needham.2.prop4-func-interl.yml,1310,3,3,1466,BTOR2
needham.3.prop1-back-serstep.yml,1592,3,3,1899,BTOR2
needham.3.prop1-func-interl.yml,1509,3,3,1683,BTOR2
needham.3.prop2-back-serstep.yml,1592,3,3,1899,BTOR2
needham.3.prop2-func-interl.yml,1508,3,3,1682,BTOR2
needham.3.prop3-back-serstep.yml,1592,3,3,1899,BTOR2
needham.3.prop3-func-interl.yml,1508,3,3,1682,BTOR2
needham.3.prop4-back-serstep.yml,1595,3,3,1902,BTOR2
needham.3.prop4-func-interl.yml,1510,3,3,1687,BTOR2
needham.4.prop1-back-serstep.yml,2020,3,3,2396,BTOR2
needham.4.prop1-func-interl.yml,1943,3,3,2163,BTOR2
needham.4.prop2-back-serstep.yml,2020,3,3,2396,BTOR2
needham.4.prop2-func-interl.yml,1942,3,3,2162,BTOR2
needham.4.prop3-back-serstep.yml,2020,3,3,2396,BTOR2
needham.4.prop3-func-interl.yml,1942,3,3,2162,BTOR2
needham.4.prop4-back-serstep.yml,2023,3,3,2399,BTOR2
needham.4.prop4-func-interl.yml,1944,3,3,2167,BTOR2
peg_solitaire.1.prop1-back-serstep.yml,928,3,3,1051,BTOR2
peg_solitaire.1.prop1-func-interl.yml,701,3,3,773,BTOR2
peg_solitaire.2.prop1-back-serstep.yml,2690,3,3,3037,BTOR2
peg_solitaire.2.prop1-func-interl.yml,2016,3,3,2213,BTOR2
peg_solitaire.3.prop1-back-serstep.yml,4390,3,3,4837,BTOR2
peg_solitaire.3.prop1-func-interl.yml,3284,3,3,3581,BTOR2
peg_solitaire.4.prop1-back-serstep.yml,1186,3,3,1357,BTOR2
peg_solitaire.4.prop1-func-interl.yml,892,3,3,985,BTOR2
peg_solitaire.5.prop1-back-serstep.yml,2690,3,3,3037,BTOR2
peg_solitaire.5.prop1-func-interl.yml,1984,3,3,2181,BTOR2
peg_solitaire.6.prop1-back-serstep.yml,1864,3,3,2115,BTOR2
peg_solitaire.6.prop1-func-interl.yml,1399,3,3,1539,BTOR2
peterson.1.prop1-back-serstep.yml,481,3,3,599,BTOR2
peterson.1.prop1-func-interl.yml,400,3,3,458,BTOR2
peterson.2.prop1-back-serstep.yml,481,3,3,599,BTOR2
peterson.2.prop1-func-interl.yml,400,3,3,458,BTOR2
peterson.3.prop1-back-serstep.yml,481,3,3,599,BTOR2
peterson.3.prop1-func-interl.yml,400,3,3,458,BTOR2
peterson.4.prop1-back-serstep.yml,664,3,3,820,BTOR2
peterson.4.prop1-func-interl.yml,557,3,3,633,BTOR2
peterson.5.prop1-back-serstep.yml,664,3,3,820,BTOR2
peterson.5.prop1-func-interl.yml,557,3,3,633,BTOR2
peterson.6.prop1-back-serstep.yml,664,3,3,820,BTOR2
peterson.6.prop1-func-interl.yml,557,3,3,633,BTOR2
peterson.7.prop1-back-serstep.yml,859,3,3,1053,BTOR2
peterson.7.prop1-func-interl.yml,726,3,3,820,BTOR2
pgm_protocol.1.prop1-back-serstep.yml,4262,3,3,5023,BTOR2
pgm_protocol.1.prop1-func-interl.yml,3531,3,3,3834,BTOR2
pgm_protocol.1.prop2-back-serstep.yml,4265,3,3,5026,BTOR2
pgm_protocol.1.prop2-func-interl.yml,3534,3,3,3837,BTOR2
pgm_protocol.1.prop5-back-serstep.yml,4263,3,3,5024,BTOR2
pgm_protocol.1.prop5-func-interl.yml,3532,3,3,3831,BTOR2
pgm_protocol.1.prop6-back-serstep.yml,4263,3,3,5024,BTOR2
pgm_protocol.1.prop6-func-interl.yml,3532,3,3,3832,BTOR2
pgm_protocol.2.prop1-back-serstep.yml,4214,3,3,4971,BTOR2
pgm_protocol.2.prop1-func-interl.yml,3514,3,3,3816,BTOR2
pgm_protocol.2.prop2-back-serstep.yml,4217,3,3,4974,BTOR2
pgm_protocol.2.prop2-func-interl.yml,3517,3,3,3819,BTOR2
pgm_protocol.2.prop5-back-serstep.yml,4215,3,3,4972,BTOR2
pgm_protocol.2.prop5-func-interl.yml,3515,3,3,3813,BTOR2
pgm_protocol.2.prop6-back-serstep.yml,4215,3,3,4972,BTOR2
pgm_protocol.2.prop6-func-interl.yml,3515,3,3,3814,BTOR2
pgm_protocol.3.prop1-back-serstep.yml,4284,3,3,5049,BTOR2
pgm_protocol.3.prop1-func-interl.yml,3546,3,3,3850,BTOR2
pgm_protocol.3.prop2-back-serstep.yml,4287,3,3,5052,BTOR2
pgm_protocol.3.prop2-func-interl.yml,3549,3,3,3853,BTOR2
pgm_protocol.3.prop5-back-serstep.yml,4285,3,3,5050,BTOR2
pgm_protocol.3.prop5-func-interl.yml,3547,3,3,3847,BTOR2
pgm_protocol.3.prop6-back-serstep.yml,4285,3,3,5050,BTOR2
pgm_protocol.3.prop6-func-interl.yml,3547,3,3,3848,BTOR2
pgm_protocol.4.prop1-back-serstep.yml,4214,3,3,4971,BTOR2
pgm_protocol.4.prop1-func-interl.yml,3514,3,3,3816,BTOR2
pgm_protocol.4.prop2-back-serstep.yml,4217,3,3,4974,BTOR2
pgm_protocol.4.prop2-func-interl.yml,3517,3,3,3819,BTOR2
pgm_protocol.4.prop5-back-serstep.yml,4215,3,3,4972,BTOR2
pgm_protocol.4.prop5-func-interl.yml,3515,3,3,3813,BTOR2
pgm_protocol.4.prop6-back-serstep.yml,4215,3,3,4972,BTOR2
pgm_protocol.4.prop6-func-interl.yml,3515,3,3,3814,BTOR2
pgm_protocol.5.prop1-back-serstep.yml,4284,3,3,5049,BTOR2
pgm_protocol.5.prop1-func-interl.yml,3546,3,3,3850,BTOR2
pgm_protocol.5.prop2-back-serstep.yml,4287,3,3,5052,BTOR2
pgm_protocol.5.prop2-func-interl.yml,3549,3,3,3853,BTOR2
pgm_protocol.5.prop5-back-serstep.yml,4285,3,3,5050,BTOR2
pgm_protocol.5.prop5-func-interl.yml,3547,3,3,3847,BTOR2
pgm_protocol.5.prop6-back-serstep.yml,4285,3,3,5050,BTOR2
pgm_protocol.5.prop6-func-interl.yml,3547,3,3,3848,BTOR2
pgm_protocol.6.prop1-back-serstep.yml,4341,3,3,5114,BTOR2
pgm_protocol.6.prop1-func-interl.yml,3577,3,3,3883,BTOR2
pgm_protocol.6.prop2-back-serstep.yml,4344,3,3,5117,BTOR2
pgm_protocol.6.prop2-func-interl.yml,3580,3,3,3886,BTOR2
pgm_protocol.6.prop5-back-serstep.yml,4342,3,3,5115,BTOR2
pgm_protocol.6.prop5-func-interl.yml,3578,3,3,3880,BTOR2
pgm_protocol.6.prop6-back-serstep.yml,4342,3,3,5115,BTOR2
pgm_protocol.6.prop6-func-interl.yml,3578,3,3,3881,BTOR2
pgm_protocol.7.prop1-back-serstep.yml,4258,3,3,5023,BTOR2
pgm_protocol.7.prop1-func-interl.yml,3544,3,3,3848,BTOR2
pgm_protocol.7.prop2-back-serstep.yml,4261,3,3,5026,BTOR2
pgm_protocol.7.prop2-func-interl.yml,3547,3,3,3851,BTOR2
pgm_protocol.7.prop5-back-serstep.yml,4259,3,3,5024,BTOR2
pgm_protocol.7.prop5-func-interl.yml,3545,3,3,3845,BTOR2
pgm_protocol.7.prop6-back-serstep.yml,4259,3,3,5024,BTOR2
pgm_protocol.7.prop6-func-interl.yml,3545,3,3,3846,BTOR2
pgm_protocol.8.prop1-back-serstep.yml,4376,3,3,5153,BTOR2
pgm_protocol.8.prop1-func-interl.yml,3593,3,3,3900,BTOR2
pgm_protocol.8.prop2-back-serstep.yml,4379,3,3,5156,BTOR2
pgm_protocol.8.prop2-func-interl.yml,3596,3,3,3903,BTOR2
pgm_protocol.8.prop5-back-serstep.yml,4377,3,3,5154,BTOR2
pgm_protocol.8.prop5-func-interl.yml,3594,3,3,3897,BTOR2
pgm_protocol.8.prop6-back-serstep.yml,4377,3,3,5154,BTOR2
pgm_protocol.8.prop6-func-interl.yml,3594,3,3,3898,BTOR2
plc.1.prop2-back-serstep.yml,5246,3,3,6016,BTOR2
plc.1.prop2-func-interl.yml,3839,3,3,4231,BTOR2
plc.2.prop2-back-serstep.yml,5246,3,3,6016,BTOR2
plc.2.prop2-func-interl.yml,3839,3,3,4231,BTOR2
plc.3.prop2-back-serstep.yml,5246,3,3,6016,BTOR2
plc.3.prop2-func-interl.yml,3839,3,3,4231,BTOR2
plc.4.prop2-back-serstep.yml,5246,3,3,6016,BTOR2
plc.4.prop2-func-interl.yml,3839,3,3,4231,BTOR2
pouring.2.prop1-back-serstep.yml,15876,3,3,17757,BTOR2
production_cell.1.prop1-back-serstep.yml,724,3,3,901,BTOR2
production_cell.1.prop1-func-interl.yml,593,3,3,673,BTOR2
production_cell.2.prop1-back-serstep.yml,631,3,3,788,BTOR2
production_cell.2.prop1-func-interl.yml,506,3,3,576,BTOR2
production_cell.3.prop1-back-serstep.yml,1039,3,3,1276,BTOR2
production_cell.3.prop1-func-interl.yml,878,3,3,988,BTOR2
production_cell.4.prop1-back-serstep.yml,853,3,3,1050,BTOR2
production_cell.4.prop1-func-interl.yml,700,3,3,790,BTOR2
production_cell.5.prop1-back-serstep.yml,1249,3,3,1526,BTOR2
production_cell.5.prop1-func-interl.yml,1068,3,3,1198,BTOR2
production_cell.6.prop1-back-serstep.yml,1459,3,3,1776,BTOR2
production_cell.6.prop1-func-interl.yml,1258,3,3,1408,BTOR2
protocols.1.prop1-back-serstep.yml,324,3,3,420,BTOR2
protocols.1.prop1-func-interl.yml,243,3,3,284,BTOR2
protocols.2.prop1-back-serstep.yml,367,3,3,474,BTOR2
protocols.2.prop1-func-interl.yml,288,3,3,336,BTOR2
protocols.3.prop1-back-serstep.yml,459,3,3,581,BTOR2
protocols.3.prop1-func-interl.yml,354,3,3,407,BTOR2
protocols.4.prop1-back-serstep.yml,459,3,3,581,BTOR2
protocols.4.prop1-func-interl.yml,354,3,3,407,BTOR2
protocols.5.prop1-back-serstep.yml,459,3,3,581,BTOR2
protocols.5.prop1-func-interl.yml,354,3,3,407,BTOR2
reader_writer.1.prop1-back-serstep.yml,951,3,3,1129,BTOR2
reader_writer.1.prop1-func-interl.yml,886,3,3,989,BTOR2
reader_writer.2.prop1-back-serstep.yml,1240,3,3,1455,BTOR2
reader_writer.2.prop1-func-interl.yml,1137,3,3,1265,BTOR2
reader_writer.3.prop1-back-serstep.yml,1673,3,3,1973,BTOR2
reader_writer.3.prop1-func-interl.yml,1570,3,3,1747,BTOR2
recount4.yml,7,3,3,16,BTOR2
resistance.1.prop1-back-serstep.yml,476,3,3,582,BTOR2
resistance.1.prop1-func-interl.yml,403,3,3,462,BTOR2
resistance.1.prop2-back-serstep.yml,477,3,3,583,BTOR2
resistance.1.prop2-func-interl.yml,403,3,3,462,BTOR2
resistance.1.prop3-back-serstep.yml,477,3,3,583,BTOR2
resistance.1.prop3-func-interl.yml,403,3,3,462,BTOR2
resistance.2.prop1-back-serstep.yml,589,3,3,714,BTOR2
resistance.2.prop1-func-interl.yml,494,3,3,564,BTOR2
resistance.2.prop2-back-serstep.yml,590,3,3,715,BTOR2
resistance.2.prop2-func-interl.yml,494,3,3,564,BTOR2
resistance.2.prop3-back-serstep.yml,590,3,3,715,BTOR2
resistance.2.prop3-func-interl.yml,494,3,3,564,BTOR2
rether.1.prop1-back-serstep.yml,1074,3,3,1296,BTOR2
rether.1.prop1-func-interl.yml,900,3,3,1006,BTOR2
rether.2.prop1-back-serstep.yml,1390,3,3,1666,BTOR2
rether.2.prop1-func-interl.yml,1167,3,3,1300,BTOR2
rether.3.prop1-back-serstep.yml,2398,3,3,2836,BTOR2
rether.3.prop1-func-interl.yml,2016,3,3,2230,BTOR2
rether.4.prop1-back-serstep.yml,2692,3,3,3203,BTOR2
rether.4.prop1-func-interl.yml,2308,3,3,2559,BTOR2
rether.5.prop1-back-serstep.yml,3496,3,3,4096,BTOR2
rether.5.prop1-func-interl.yml,2937,3,3,3232,BTOR2
rether.6.prop1-back-serstep.yml,3290,3,3,3901,BTOR2
rether.6.prop1-func-interl.yml,2830,3,3,3131,BTOR2
rether.7.prop1-back-serstep.yml,4278,3,3,4986,BTOR2
rether.7.prop1-func-interl.yml,3591,3,3,3940,BTOR2
rushhour.1.prop1-back-serstep.yml,4174,3,3,4445,BTOR2
rushhour.1.prop1-func-interl.yml,3934,3,3,4018,BTOR2
rushhour.2.prop1-back-serstep.yml,4738,3,3,5026,BTOR2
rushhour.2.prop1-func-interl.yml,4493,3,3,4583,BTOR2
rushhour.3.prop1-back-serstep.yml,9999,3,3,10424,BTOR2
rushhour.3.prop1-func-interl.yml,9653,3,3,9786,BTOR2
rushhour.4.prop1-back-serstep.yml,9999,3,3,10424,BTOR2
rushhour.4.prop1-func-interl.yml,9651,3,3,9784,BTOR2
schedule_world.1.prop1-back-serstep.yml,520,3,3,640,BTOR2
schedule_world.1.prop1-func-interl.yml,403,3,3,456,BTOR2
schedule_world.2.prop1-back-serstep.yml,727,3,3,883,BTOR2
schedule_world.2.prop1-func-interl.yml,575,3,3,646,BTOR2
schedule_world.3.prop1-back-serstep.yml,934,3,3,1126,BTOR2
schedule_world.3.prop1-func-interl.yml,745,3,3,834,BTOR2
sokoban.1.prop1-back-serstep.yml,3095,3,3,3379,BTOR2
sokoban.1.prop1-func-interl.yml,2333,3,3,2415,BTOR2
sokoban.2.prop1-back-serstep.yml,2913,3,3,3181,BTOR2
sokoban.2.prop1-func-interl.yml,2195,3,3,2273,BTOR2
sokoban.3.prop1-back-serstep.yml,9769,3,3,10633,BTOR2
sokoban.3.prop1-func-interl.yml,7350,3,3,7577,BTOR2
stack-p1.yml,802,3,3,835,BTOR2
stack-p2.yml,735,3,3,768,BTOR2
synapse.1.prop1-back-serstep.yml,2498,3,3,2833,BTOR2
synapse.1.prop1-func-interl.yml,2211,3,3,2407,BTOR2
synapse.2.prop1-back-serstep.yml,2808,3,3,3161,BTOR2
synapse.2.prop1-func-interl.yml,2503,3,3,2717,BTOR2
synapse.3.prop1-back-serstep.yml,3114,3,3,3485,BTOR2
synapse.3.prop1-func-interl.yml,2791,3,3,3023,BTOR2
synapse.4.prop1-back-serstep.yml,3420,3,3,3809,BTOR2
synapse.4.prop1-func-interl.yml,3079,3,3,3329,BTOR2
synapse.5.prop1-back-serstep.yml,3214,3,3,3661,BTOR2
synapse.5.prop1-func-interl.yml,2834,3,3,3090,BTOR2
synapse.6.prop1-back-serstep.yml,3679,3,3,4153,BTOR2
synapse.6.prop1-func-interl.yml,3272,3,3,3555,BTOR2
synapse.7.prop1-back-serstep.yml,4138,3,3,4639,BTOR2
synapse.7.prop1-func-interl.yml,3704,3,3,4014,BTOR2
szymanski.1.prop1-back-serstep.yml,1328,3,3,1569,BTOR2
szymanski.1.prop1-func-interl.yml,1036,3,3,1169,BTOR2
szymanski.2.prop1-back-serstep.yml,1328,3,3,1569,BTOR2
szymanski.2.prop1-func-interl.yml,1042,3,3,1175,BTOR2
szymanski.3.prop1-back-serstep.yml,1846,3,3,2166,BTOR2
szymanski.3.prop1-func-interl.yml,1397,3,3,1573,BTOR2
szymanski.4.prop1-back-serstep.yml,1846,3,3,2166,BTOR2
szymanski.4.prop1-func-interl.yml,1405,3,3,1581,BTOR2
szymanski.5.prop1-back-serstep.yml,2402,3,3,2801,BTOR2
szymanski.5.prop1-func-interl.yml,1766,3,3,1985,BTOR2
telephony.1.prop1-back-serstep.yml,1030,3,3,1228,BTOR2
telephony.1.prop1-func-interl.yml,936,3,3,1040,BTOR2
telephony.2.prop1-back-serstep.yml,1418,3,3,1680,BTOR2
telephony.2.prop1-func-interl.yml,1281,3,3,1420,BTOR2
telephony.3.prop1-back-serstep.yml,1631,3,3,1929,BTOR2
telephony.3.prop1-func-interl.yml,1473,3,3,1630,BTOR2
telephony.4.prop1-back-serstep.yml,1974,3,3,2326,BTOR2
telephony.4.prop1-func-interl.yml,1776,3,3,1964,BTOR2
telephony.5.prop1-back-serstep.yml,2294,3,3,2694,BTOR2
telephony.5.prop1-func-interl.yml,2060,3,3,2272,BTOR2
telephony.6.prop1-back-serstep.yml,2146,3,3,2526,BTOR2
telephony.6.prop1-func-interl.yml,1956,3,3,2160,BTOR2
telephony.7.prop1-back-serstep.yml,2079,3,3,2451,BTOR2
telephony.7.prop1-func-interl.yml,1840,3,3,2036,BTOR2
telephony.8.prop1-back-serstep.yml,2290,3,3,2690,BTOR2
telephony.8.prop1-func-interl.yml,2056,3,3,2268,BTOR2
train-gate.1.prop1-back-serstep.yml,606,3,3,743,BTOR2
train-gate.1.prop1-func-interl.yml,482,3,3,541,BTOR2
train-gate.2.prop1-back-serstep.yml,956,3,3,1161,BTOR2
train-gate.2.prop1-func-interl.yml,768,3,3,855,BTOR2
train-gate.3.prop1-back-serstep.yml,956,3,3,1161,BTOR2
train-gate.3.prop1-func-interl.yml,768,3,3,855,BTOR2
train-gate.4.prop1-back-serstep.yml,1306,3,3,1579,BTOR2
train-gate.4.prop1-func-interl.yml,1054,3,3,1169,BTOR2
train-gate.5.prop1-back-serstep.yml,1306,3,3,1579,BTOR2
train-gate.5.prop1-func-interl.yml,1054,3,3,1169,BTOR2
train-gate.6.prop1-back-serstep.yml,1481,3,3,1788,BTOR2
train-gate.6.prop1-func-interl.yml,1197,3,3,1326,BTOR2
train-gate.7.prop1-back-serstep.yml,1656,3,3,1997,BTOR2
train-gate.7.prop1-func-interl.yml,1340,3,3,1483,BTOR2
twocount2.yml,10,3,3,22,BTOR2
twocount32.yml,10,3,3,22,BTOR2
adding.1.prop1-back-serstep.yml,377,5,4,940,C
adding.1.prop1-func-interl.yml,306,5,4,760,C
adding.2.prop1-back-serstep.yml,377,5,4,940,C
adding.2.prop1-func-interl.yml,306,5,4,760,C
adding.3.prop1-back-serstep.yml,377,5,4,940,C
adding.3.prop1-func-interl.yml,306,5,4,760,C
adding.4.prop1-back-serstep.yml,377,5,4,940,C
adding.4.prop1-func-interl.yml,306,5,4,760,C
adding.5.prop1-back-serstep.yml,377,5,4,940,C
adding.5.prop1-func-interl.yml,306,5,4,760,C
adding.6.prop1-back-serstep.yml,377,5,4,940,C
adding.6.prop1-func-interl.yml,306,5,4,760,C
anderson.1.prop1-back-serstep.yml,768,5,4,1842,C
anderson.1.prop1-func-interl.yml,657,5,4,1546,C
anderson.2.prop1-back-serstep.yml,1175,5,4,2804,C
anderson.2.prop1-func-interl.yml,1006,5,4,2355,C
anderson.3.prop1-back-serstep.yml,1205,5,4,2870,C
anderson.3.prop1-func-interl.yml,1042,5,4,2433,C
anderson.4.prop1-back-serstep.yml,1638,5,4,3890,C
anderson.4.prop1-func-interl.yml,1415,5,4,3296,C
anderson.5.prop1-back-serstep.yml,2211,5,4,5214,C
anderson.5.prop1-func-interl.yml,1944,5,4,4495,C
anderson.6.prop1-back-serstep.yml,2684,5,4,6326,C
anderson.6.prop1-func-interl.yml,2353,5,4,5442,C
anderson.7.prop1-back-serstep.yml,2780,5,4,6530,C
anderson.7.prop1-func-interl.yml,2461,5,4,5670,C
anderson.8.prop1-back-serstep.yml,3267,5,4,7676,C
anderson.8.prop1-func-interl.yml,2882,5,4,6647,C
at.1.prop1-back-serstep.yml,2242,5,4,5417,C
at.1.prop1-func-interl.yml,2051,5,4,4760,C
at.2.prop1-back-serstep.yml,2242,5,4,5417,C
at.2.prop1-func-interl.yml,2051,5,4,4760,C
at.3.prop1-back-serstep.yml,2961,5,4,7150,C
at.3.prop1-func-interl.yml,2720,5,4,6304,C
at.4.prop1-back-serstep.yml,3680,5,4,8883,C
at.4.prop1-func-interl.yml,3389,5,4,7848,C
at.5.prop1-back-serstep.yml,3680,5,4,8883,C
at.5.prop1-func-interl.yml,3389,5,4,7848,C
at.6.prop1-back-serstep.yml,3680,5,4,8883,C
at.6.prop1-func-interl.yml,3389,5,4,7848,C
at.7.prop1-back-serstep.yml,4399,5,4,10616,C
at.7.prop1-func-interl.yml,4058,5,4,9392,C
bakery.1.prop1-back-serstep.yml,985,5,4,2319,C
bakery.1.prop1-func-interl.yml,798,5,4,1859,C
bakery.2.prop1-back-serstep.yml,985,5,4,2319,C
bakery.2.prop1-func-interl.yml,798,5,4,1859,C
bakery.3.prop1-back-serstep.yml,1538,5,4,3591,C
bakery.3.prop1-func-interl.yml,1226,5,4,2836,C
bakery.4.prop1-back-serstep.yml,1538,5,4,3591,C
bakery.4.prop1-func-interl.yml,1226,5,4,2836,C
bakery.5.prop1-back-serstep.yml,2135,5,4,4951,C
bakery.5.prop1-func-interl.yml,1674,5,4,3853,C
bakery.6.prop1-back-serstep.yml,2135,5,4,4951,C
bakery.6.prop1-func-interl.yml,1674,5,4,3853,C
bakery.7.prop1-back-serstep.yml,2135,5,4,4951,C
bakery.7.prop1-func-interl.yml,1674,5,4,3853,C
bakery.8.prop1-back-serstep.yml,2776,5,4,6399,C
bakery.8.prop1-func-interl.yml,2142,5,4,4910,C
blocks.2.prop1-back-serstep.yml,1722,5,4,3916,C
blocks.2.prop1-func-interl.yml,1501,5,4,3437,C
blocks.3.prop1-back-serstep.yml,2602,5,4,5872,C
blocks.3.prop1-func-interl.yml,2261,5,4,5145,C
blocks.4.prop1-back-serstep.yml,3658,5,4,8212,C
blocks.4.prop1-func-interl.yml,3149,5,4,7141,C
bridge.1.prop1-back-serstep.yml,2373,5,4,5532,C
bridge.1.prop1-func-interl.yml,2070,5,4,4827,C
bridge.2.prop1-back-serstep.yml,3449,5,4,8028,C
bridge.2.prop1-func-interl.yml,3030,5,4,7061,C
bridge.3.prop1-back-serstep.yml,4525,5,4,10524,C
bridge.3.prop1-func-interl.yml,3990,5,4,9295,C
brp.1.prop1-back-serstep.yml,2088,5,4,4991,C
brp.1.prop1-func-interl.yml,1861,5,4,4383,C
brp.2.prop1-back-serstep.yml,2047,5,4,4887,C
brp.2.prop1-func-interl.yml,1808,5,4,4251,C
brp.3.prop1-back-serstep.yml,2180,5,4,5223,C
brp.3.prop1-func-interl.yml,1983,5,4,4685,C
brp.4.prop1-back-serstep.yml,2370,5,4,5703,C
brp.4.prop1-func-interl.yml,2233,5,4,5305,C
brp.5.prop1-back-serstep.yml,2370,5,4,5703,C
brp.5.prop1-func-interl.yml,2233,5,4,5305,C
brp.6.prop1-back-serstep.yml,2560,5,4,6183,C
brp.6.prop1-func-interl.yml,2483,5,4,5925,C
brp2.1.prop1-back-serstep.yml,2362,5,4,5648,C
brp2.1.prop1-func-interl.yml,1990,5,4,4654,C
brp2.1.prop2-back-serstep.yml,2364,5,4,5652,C
brp2.1.prop2-func-interl.yml,1986,5,4,4644,C
brp2.1.prop3-back-serstep.yml,2370,5,4,5662,C
brp2.1.prop3-func-interl.yml,1998,5,4,4672,C
brp2.2.prop1-back-serstep.yml,2362,5,4,5648,C
brp2.2.prop1-func-interl.yml,1990,5,4,4654,C
brp2.2.prop2-back-serstep.yml,2364,5,4,5652,C
brp2.2.prop2-func-interl.yml,1986,5,4,4644,C
brp2.2.prop3-back-serstep.yml,2370,5,4,5662,C
brp2.2.prop3-func-interl.yml,1998,5,4,4672,C
brp2.3.prop1-back-serstep.yml,2362,5,4,5648,C
brp2.3.prop1-func-interl.yml,1990,5,4,4654,C
brp2.3.prop2-back-serstep.yml,2364,5,4,5652,C
brp2.3.prop2-func-interl.yml,1986,5,4,4644,C
brp2.3.prop3-back-serstep.yml,2370,5,4,5662,C
brp2.3.prop3-func-interl.yml,1998,5,4,4672,C
brp2.4.prop1-back-serstep.yml,2362,5,4,5648,C
brp2.4.prop1-func-interl.yml,1990,5,4,4654,C
brp2.4.prop2-back-serstep.yml,2364,5,4,5652,C
brp2.4.prop2-func-interl.yml,1986,5,4,4644,C
brp2.4.prop3-back-serstep.yml,2370,5,4,5662,C
brp2.4.prop3-func-interl.yml,1998,5,4,4672,C
brp2.5.prop1-back-serstep.yml,2362,5,4,5648,C
brp2.5.prop1-func-interl.yml,1990,5,4,4654,C
brp2.5.prop2-back-serstep.yml,2364,5,4,5652,C
brp2.5.prop2-func-interl.yml,1986,5,4,4644,C
brp2.5.prop3-back-serstep.yml,2370,5,4,5662,C
brp2.5.prop3-func-interl.yml,1998,5,4,4672,C
brp2.6.prop1-back-serstep.yml,2362,5,4,5648,C
brp2.6.prop1-func-interl.yml,1990,5,4,4654,C
brp2.6.prop2-back-serstep.yml,2364,5,4,5652,C
brp2.6.prop2-func-interl.yml,1986,5,4,4644,C
brp2.6.prop3-back-serstep.yml,2370,5,4,5662,C
brp2.6.prop3-func-interl.yml,1998,5,4,4672,C
cambridge.1.prop1-back-serstep.yml,3860,5,4,8955,C
cambridge.1.prop1-func-interl.yml,3090,5,4,7161,C
cambridge.1.prop2-back-serstep.yml,3860,5,4,8955,C
cambridge.1.prop2-func-interl.yml,3090,5,4,7161,C
cambridge.2.prop1-back-serstep.yml,3932,5,4,9119,C
cambridge.2.prop1-func-interl.yml,3158,5,4,7321,C
cambridge.2.prop2-back-serstep.yml,3932,5,4,9119,C
cambridge.2.prop2-func-interl.yml,3158,5,4,7321,C
cambridge.3.prop1-back-serstep.yml,4150,5,4,9585,C
cambridge.3.prop1-func-interl.yml,3320,5,4,7663,C
cambridge.3.prop2-back-serstep.yml,4150,5,4,9585,C
cambridge.3.prop2-func-interl.yml,3320,5,4,7663,C
cambridge.4.prop1-back-serstep.yml,4423,5,4,10173,C
cambridge.4.prop1-func-interl.yml,3546,5,4,8155,C
cambridge.4.prop2-back-serstep.yml,4423,5,4,10173,C
cambridge.4.prop2-func-interl.yml,3546,5,4,8155,C
cambridge.5.prop1-back-serstep.yml,6018,5,4,13641,C
cambridge.5.prop1-func-interl.yml,4824,5,4,10947,C
cambridge.5.prop2-back-serstep.yml,6018,5,4,13641,C
cambridge.5.prop2-func-interl.yml,4824,5,4,10947,C
cambridge.6.prop1-back-serstep.yml,7340,5,4,16515,C
cambridge.6.prop1-func-interl.yml,5850,5,4,13185,C
cambridge.6.prop2-func-interl.yml,5850,5,4,13185,C
cambridge.7.prop1-back-serstep.yml,8998,5,4,20101,C
cambridge.7.prop1-func-interl.yml,7204,5,4,16127,C
cambridge.7.prop2-back-serstep.yml,8998,5,4,20101,C
cambridge.7.prop2-func-interl.yml,7204,5,4,16127,C
collision.1.prop1-back-serstep.yml,1656,5,4,4033,C
collision.1.prop1-func-interl.yml,1414,5,4,3393,C
collision.2.prop1-back-serstep.yml,1653,5,4,4027,C
collision.2.prop1-func-interl.yml,1411,5,4,3385,C
collision.3.prop1-back-serstep.yml,2228,5,4,5429,C
collision.3.prop1-func-interl.yml,1909,5,4,4577,C
collision.4.prop1-back-serstep.yml,2800,5,4,6825,C
collision.4.prop1-func-interl.yml,2404,5,4,5761,C
collision.5.prop1-back-serstep.yml,2791,5,4,6807,C
collision.5.prop1-func-interl.yml,2395,5,4,5737,C
collision.6.prop1-back-serstep.yml,3372,5,4,8221,C
collision.6.prop1-func-interl.yml,2899,5,4,6945,C
count2.yml,10,5,4,30,C
count4.yml,10,5,4,30,C
cyclic_scheduler.1.prop1-back-serstep.yml,3132,5,4,7543,C
cyclic_scheduler.1.prop1-func-interl.yml,2659,5,4,6267,C
cyclic_scheduler.2.prop1-back-serstep.yml,1937,5,4,4679,C
cyclic_scheduler.2.prop1-func-interl.yml,1638,5,4,3877,C
cyclic_scheduler.3.prop1-back-serstep.yml,5082,5,4,12233,C
cyclic_scheduler.3.prop1-func-interl.yml,4319,5,4,10167,C
cyclic_scheduler.4.prop1-back-serstep.yml,3477,5,4,8391,C
cyclic_scheduler.4.prop1-func-interl.yml,2946,5,4,6957,C
driving_phils.1.prop1-back-serstep.yml,2436,5,4,5785,C
driving_phils.1.prop1-func-interl.yml,1879,5,4,4374,C
driving_phils.2.prop1-back-serstep.yml,2550,5,4,6027,C
driving_phils.2.prop1-func-interl.yml,1914,5,4,4447,C
driving_phils.3.prop1-back-serstep.yml,3329,5,4,7861,C
driving_phils.3.prop1-func-interl.yml,2555,5,4,5937,C
driving_phils.4.prop1-back-serstep.yml,3705,5,4,8683,C
driving_phils.4.prop1-func-interl.yml,2801,5,4,6463,C
driving_phils.5.prop1-back-serstep.yml,3197,5,4,7481,C
driving_phils.5.prop1-func-interl.yml,2403,5,4,5533,C
elevator.1.prop1-back-serstep.yml,2088,5,4,4916,C
elevator.1.prop1-func-interl.yml,1830,5,4,4272,C
elevator.2.prop1-back-serstep.yml,1823,5,4,4297,C
elevator.2.prop1-func-interl.yml,1579,5,4,3691,C
elevator.3.prop1-back-serstep.yml,2931,5,4,6884,C
elevator.3.prop1-func-interl.yml,2590,5,4,6025,C
elevator.4.prop1-back-serstep.yml,2675,5,4,6303,C
elevator.4.prop1-func-interl.yml,2317,5,4,5407,C
elevator.5.prop1-back-serstep.yml,4055,5,4,9518,C
elevator.5.prop1-func-interl.yml,3576,5,4,8305,C
elevator_planning.1.prop1-back-serstep.yml,1433,5,4,3195,C
elevator_planning.1.prop1-func-interl.yml,1088,5,4,2430,C
elevator_planning.2.prop1-back-serstep.yml,1939,5,4,4307,C
elevator_planning.2.prop1-func-interl.yml,1474,5,4,3282,C
elevator_planning.3.prop1-back-serstep.yml,1232,5,4,2775,C
elevator_planning.3.prop1-func-interl.yml,947,5,4,2148,C
exit.1.prop1-back-serstep.yml,2243,5,4,5185,C
exit.1.prop1-func-interl.yml,1822,5,4,4180,C
exit.2.prop1-back-serstep.yml,4047,5,4,9344,C
exit.2.prop1-func-interl.yml,3440,5,4,7884,C
exit.3.prop1-back-serstep.yml,4047,5,4,9344,C
exit.3.prop1-func-interl.yml,3442,5,4,7888,C
exit.4.prop1-back-serstep.yml,4047,5,4,9344,C
exit.4.prop1-func-interl.yml,3442,5,4,7888,C
exit.5.prop1-back-serstep.yml,5851,5,4,13503,C
exit.5.prop1-func-interl.yml,5060,5,4,11592,C
extinction.1.prop1-back-serstep.yml,5008,5,4,11685,C
extinction.1.prop1-func-interl.yml,4193,5,4,9694,C
extinction.2.prop1-func-interl.yml,5551,5,4,12781,C
extinction.3.prop1-back-serstep.yml,6689,5,4,15616,C
extinction.3.prop1-func-interl.yml,5670,5,4,13130,C
extinction.4.prop1-back-serstep.yml,7191,5,4,16736,C
extinction.4.prop1-func-interl.yml,6042,5,4,14006,C
factorial4even.yml,24,5,5,70,C
firewire_tree.2.prop3-func-interl.yml,11770,5,4,27426,C
fischer.1.prop1-back-serstep.yml,916,5,4,2209,C
fischer.1.prop1-func-interl.yml,839,5,4,1980,C
fischer.2.prop1-back-serstep.yml,1203,5,4,2896,C
fischer.2.prop1-func-interl.yml,1108,5,4,2606,C
fischer.3.prop1-back-serstep.yml,1777,5,4,4270,C
fischer.3.prop1-func-interl.yml,1646,5,4,3858,C
fischer.4.prop1-back-serstep.yml,2064,5,4,4957,C
fischer.4.prop1-func-interl.yml,1915,5,4,4484,C
fischer.5.prop1-back-serstep.yml,2064,5,4,4957,C
fischer.5.prop1-func-interl.yml,1915,5,4,4484,C
fischer.6.prop1-back-serstep.yml,2351,5,4,5644,C
fischer.6.prop1-func-interl.yml,2184,5,4,5110,C
fischer.7.prop1-back-serstep.yml,2351,5,4,5644,C
fischer.7.prop1-func-interl.yml,2184,5,4,5110,C
frogs.1.prop1-back-serstep.yml,3873,5,4,8258,C
frogs.1.prop1-func-interl.yml,3047,5,4,6541,C
frogs.2.prop1-back-serstep.yml,3485,5,4,7440,C
frogs.2.prop1-func-interl.yml,2745,5,4,5903,C
frogs.3.prop1-back-serstep.yml,6729,5,4,14264,C
frogs.3.prop1-func-interl.yml,5259,5,4,11203,C
frogs.4.prop1-back-serstep.yml,5525,5,4,11730,C
frogs.4.prop1-func-interl.yml,4325,5,4,9233,C
frogs.5.prop1-back-serstep.yml,6540,5,4,13865,C
frogs.5.prop1-func-interl.yml,5106,5,4,10880,C
gear.1.prop1-back-serstep.yml,3194,5,4,7630,C
gear.1.prop1-func-interl.yml,2841,5,4,6565,C
gear.1.prop2-back-serstep.yml,3192,5,4,7626,C
gear.1.prop2-func-interl.yml,2839,5,4,6561,C
gear.1.prop3-back-serstep.yml,3192,5,4,7626,C
gear.1.prop3-func-interl.yml,2839,5,4,6561,C
gear.1.prop4-back-serstep.yml,3192,5,4,7626,C
gear.1.prop4-func-interl.yml,2839,5,4,6561,C
gear.2.prop1-back-serstep.yml,3194,5,4,7630,C
gear.2.prop1-func-interl.yml,2841,5,4,6565,C
gear.2.prop2-back-serstep.yml,3192,5,4,7626,C
gear.2.prop2-func-interl.yml,2839,5,4,6561,C
gear.2.prop3-back-serstep.yml,3192,5,4,7626,C
gear.2.prop3-func-interl.yml,2839,5,4,6561,C
gear.2.prop4-back-serstep.yml,3192,5,4,7626,C
gear.2.prop4-func-interl.yml,2839,5,4,6561,C
hanoi.1.prop1-back-serstep.yml,2208,5,4,4905,C
hanoi.1.prop1-func-interl.yml,1307,5,4,2975,C
hanoi.2.prop1-back-serstep.yml,3036,5,4,6717,C
hanoi.2.prop1-func-interl.yml,1767,5,4,4003,C
hanoi.3.prop1-back-serstep.yml,3657,5,4,8076,C
hanoi.3.prop1-func-interl.yml,2112,5,4,4774,C
hanoi.4.prop1-back-serstep.yml,4071,5,4,8982,C
hanoi.4.prop1-func-interl.yml,2342,5,4,5288,C
Huffman_dec.yml,447,5,4,990,C
Huffman_enc.yml,239,5,4,516,C
iprotocol.1.prop1-back-serstep.yml,2200,5,4,5228,C
iprotocol.1.prop1-func-interl.yml,1837,5,4,4317,C
iprotocol.2.prop1-back-serstep.yml,2300,5,4,5448,C
iprotocol.2.prop1-func-interl.yml,1893,5,4,4441,C
iprotocol.3.prop1-back-serstep.yml,2500,5,4,5888,C
iprotocol.3.prop1-func-interl.yml,2005,5,4,4689,C
iprotocol.4.prop1-back-serstep.yml,2700,5,4,6328,C
iprotocol.4.prop1-func-interl.yml,2117,5,4,4937,C
iprotocol.5.prop1-back-serstep.yml,2900,5,4,6768,C
iprotocol.5.prop1-func-interl.yml,2229,5,4,5185,C
iprotocol.6.prop1-back-serstep.yml,2900,5,4,6768,C
iprotocol.6.prop1-func-interl.yml,2229,5,4,5185,C
iprotocol.7.prop1-back-serstep.yml,3100,5,4,7208,C
iprotocol.7.prop1-func-interl.yml,2341,5,4,5433,C
krebs.1.prop1-back-serstep.yml,1087,5,4,2475,C
krebs.1.prop1-func-interl.yml,804,5,4,1812,C
krebs.2.prop1-back-serstep.yml,1557,5,4,3567,C
krebs.2.prop1-func-interl.yml,1151,5,4,2605,C
krebs.3.prop1-back-serstep.yml,1557,5,4,3567,C
krebs.3.prop1-func-interl.yml,1151,5,4,2605,C
krebs.4.prop1-back-serstep.yml,2027,5,4,4659,C
krebs.4.prop1-func-interl.yml,1498,5,4,3398,C
lamport.1.prop1-back-serstep.yml,1964,5,4,4747,C
lamport.1.prop1-func-interl.yml,1809,5,4,4202,C
lamport.2.prop1-back-serstep.yml,2021,5,4,4873,C
lamport.2.prop1-func-interl.yml,1854,5,4,4304,C
lamport.3.prop1-back-serstep.yml,1967,5,4,4753,C
lamport.3.prop1-func-interl.yml,1806,5,4,4196,C
lamport.5.prop1-back-serstep.yml,2629,5,4,6341,C
lamport.5.prop1-func-interl.yml,2430,5,4,5631,C
lamport.6.prop1-back-serstep.yml,2737,5,4,6581,C
lamport.6.prop1-func-interl.yml,2514,5,4,5823,C
lamport.7.prop1-back-serstep.yml,3306,5,4,7959,C
lamport.7.prop1-func-interl.yml,3063,5,4,7084,C
lamport.8.prop1-back-serstep.yml,3311,5,4,7969,C
lamport.8.prop1-func-interl.yml,3056,5,4,7070,C
lamport_nonatomic.1.prop1-back-serstep.yml,5177,5,4,12375,C
lamport_nonatomic.1.prop1-func-interl.yml,5138,5,4,12067,C
lamport_nonatomic.2.prop1-back-serstep.yml,5177,5,4,12375,C
lamport_nonatomic.2.prop1-func-interl.yml,5138,5,4,12067,C
lamport_nonatomic.3.prop1-back-serstep.yml,5192,5,4,12411,C
lamport_nonatomic.3.prop1-func-interl.yml,5153,5,4,12103,C
lamport_nonatomic.4.prop1-back-serstep.yml,8111,5,4,19367,C
lamport_nonatomic.4.prop1-func-interl.yml,8206,5,4,19281,C
lamport_nonatomic.5.prop1-func-interl.yml,11952,5,4,28095,C
lann.1.prop1-back-serstep.yml,1431,5,4,3452,C
lann.1.prop1-func-interl.yml,1304,5,4,3142,C
lann.2.prop1-back-serstep.yml,1975,5,4,4743,C
lann.2.prop1-func-interl.yml,1754,5,4,4201,C
lann.3.prop1-back-serstep.yml,1923,5,4,4643,C
lann.3.prop1-func-interl.yml,1774,5,4,4261,C
lann.4.prop1-back-serstep.yml,2524,5,4,6055,C
lann.4.prop1-func-interl.yml,2257,5,4,5405,C
lann.5.prop1-back-serstep.yml,2959,5,4,7099,C
lann.5.prop1-func-interl.yml,2630,5,4,6289,C
lann.6.prop1-back-serstep.yml,1969,5,4,4751,C
lann.6.prop1-func-interl.yml,1826,5,4,4389,C
lann.7.prop1-back-serstep.yml,2402,5,4,5796,C
lann.7.prop1-func-interl.yml,2217,5,4,5320,C
lann.8.prop1-back-serstep.yml,2459,5,4,5930,C
lann.8.prop1-func-interl.yml,2282,5,4,5480,C
leader_election.1.prop1-back-serstep.yml,9332,5,4,21626,C
leader_election.1.prop1-func-interl.yml,7310,5,4,16887,C
leader_election.2.prop1-back-serstep.yml,9332,5,4,21626,C
leader_election.2.prop1-func-interl.yml,7310,5,4,16887,C
leader_filters.1.prop1-back-serstep.yml,2357,5,4,5565,C
leader_filters.1.prop1-func-interl.yml,2012,5,4,4600,C
leader_filters.2.prop1-back-serstep.yml,2294,5,4,5439,C
leader_filters.2.prop1-func-interl.yml,1949,5,4,4474,C
leader_filters.3.prop1-back-serstep.yml,3064,5,4,7232,C
leader_filters.3.prop1-func-interl.yml,2667,5,4,6090,C
leader_filters.4.prop1-back-serstep.yml,2944,5,4,6952,C
leader_filters.4.prop1-func-interl.yml,2547,5,4,5810,C
leader_filters.5.prop1-back-serstep.yml,4016,5,4,9444,C
leader_filters.5.prop1-func-interl.yml,3531,5,4,8041,C
leader_filters.6.prop1-back-serstep.yml,3891,5,4,9194,C
leader_filters.6.prop1-func-interl.yml,3406,5,4,7791,C
leader_filters.7.prop1-back-serstep.yml,4763,5,4,11199,C
leader_filters.7.prop1-func-interl.yml,4226,5,4,9619,C
lifts.1.prop1-back-serstep.yml,6935,5,4,16208,C
lifts.1.prop1-func-interl.yml,6211,5,4,14311,C
lifts.2.prop1-func-interl.yml,6178,5,4,14241,C
lifts.5.prop1-func-interl.yml,9127,5,4,21018,C
loyd.1.prop1-back-serstep.yml,867,5,4,1919,C
loyd.1.prop1-func-interl.yml,729,5,4,1616,C
loyd.2.prop1-back-serstep.yml,1179,5,4,2582,C
loyd.2.prop1-func-interl.yml,999,5,4,2183,C
loyd.3.prop1-back-serstep.yml,1491,5,4,3245,C
loyd.3.prop1-func-interl.yml,1269,5,4,2750,C
lup.1.prop1-back-serstep.yml,2441,5,4,5702,C
lup.1.prop1-func-interl.yml,2007,5,4,4772,C
lup.2.prop1-back-serstep.yml,5071,5,4,11754,C
lup.2.prop1-func-interl.yml,4003,5,4,9496,C
lup.3.prop1-back-serstep.yml,5751,5,4,13312,C
lup.3.prop1-func-interl.yml,4502,5,4,10677,C
lup.4.prop1-back-serstep.yml,6440,5,4,14888,C
lup.4.prop1-func-interl.yml,5001,5,4,11858,C
mcs.1.prop1-back-serstep.yml,1988,5,4,4805,C
mcs.1.prop1-func-interl.yml,1803,5,4,4192,C
mcs.2.prop1-back-serstep.yml,1925,5,4,4667,C
mcs.2.prop1-func-interl.yml,1740,5,4,4054,C
mcs.3.prop1-back-serstep.yml,2706,5,4,6526,C
mcs.3.prop1-func-interl.yml,2465,5,4,5720,C
mcs.4.prop1-back-serstep.yml,2590,5,4,6270,C
mcs.4.prop1-func-interl.yml,2349,5,4,5464,C
mcs.5.prop1-back-serstep.yml,3456,5,4,8319,C
mcs.5.prop1-func-interl.yml,3159,5,4,7320,C
mcs.6.prop1-back-serstep.yml,3271,5,4,7909,C
mcs.6.prop1-func-interl.yml,2974,5,4,6910,C
msmie.1.prop1-back-serstep.yml,3332,5,4,8073,C
msmie.1.prop1-func-interl.yml,3151,5,4,7386,C
msmie.2.prop1-func-interl.yml,6606,5,4,15457,C
msmie.3.prop1-back-serstep.yml,9216,5,4,22332,C
needham.1.prop1-back-serstep.yml,2185,5,4,5300,C
needham.1.prop1-func-interl.yml,2089,5,4,4961,C
needham.1.prop2-back-serstep.yml,2184,5,4,5298,C
needham.1.prop2-func-interl.yml,2086,5,4,4955,C
needham.1.prop3-back-serstep.yml,2184,5,4,5298,C
needham.1.prop3-func-interl.yml,2086,5,4,4955,C
needham.1.prop4-back-serstep.yml,2191,5,4,5316,C
needham.1.prop4-func-interl.yml,2091,5,4,4965,C
needham.2.prop1-back-serstep.yml,3771,5,4,9145,C
needham.2.prop1-func-interl.yml,3668,5,4,8728,C
needham.2.prop2-back-serstep.yml,3770,5,4,9143,C
needham.2.prop2-func-interl.yml,3665,5,4,8722,C
needham.2.prop3-back-serstep.yml,3770,5,4,9143,C
needham.2.prop3-func-interl.yml,3665,5,4,8722,C
needham.2.prop4-back-serstep.yml,3777,5,4,9161,C
needham.2.prop4-func-interl.yml,3670,5,4,8732,C
needham.3.prop1-back-serstep.yml,4350,5,4,10549,C
needham.3.prop1-func-interl.yml,4235,5,4,10079,C
needham.3.prop2-back-serstep.yml,4349,5,4,10547,C
needham.3.prop2-func-interl.yml,4232,5,4,10073,C
needham.3.prop3-back-serstep.yml,4349,5,4,10547,C
needham.3.prop3-func-interl.yml,4232,5,4,10073,C
needham.3.prop4-back-serstep.yml,4356,5,4,10565,C
needham.3.prop4-func-interl.yml,4237,5,4,10083,C
needham.4.prop1-back-serstep.yml,5529,5,4,13406,C
needham.4.prop1-func-interl.yml,5455,5,4,12991,C
needham.4.prop2-back-serstep.yml,5528,5,4,13404,C
needham.4.prop2-func-interl.yml,5452,5,4,12985,C
needham.4.prop3-back-serstep.yml,5528,5,4,13404,C
needham.4.prop3-func-interl.yml,5452,5,4,12985,C
needham.4.prop4-back-serstep.yml,5535,5,4,13422,C
needham.4.prop4-func-interl.yml,5457,5,4,12995,C
peg_solitaire.1.prop1-back-serstep.yml,2397,5,4,5286,C
peg_solitaire.1.prop1-func-interl.yml,1990,5,4,4500,C
peg_solitaire.2.prop1-back-serstep.yml,6940,5,4,15273,C
peg_solitaire.2.prop1-func-interl.yml,5711,5,4,12895,C
peg_solitaire.3.prop1-func-interl.yml,9415,5,4,21303,C
peg_solitaire.4.prop1-back-serstep.yml,3060,5,4,6753,C
peg_solitaire.4.prop1-func-interl.yml,2515,5,4,5679,C
peg_solitaire.5.prop1-back-serstep.yml,6940,5,4,15273,C
peg_solitaire.5.prop1-func-interl.yml,5647,5,4,12767,C
peg_solitaire.6.prop1-back-serstep.yml,4809,5,4,10594,C
peg_solitaire.6.prop1-func-interl.yml,3956,5,4,8932,C
peterson.1.prop1-back-serstep.yml,1300,5,4,3103,C
peterson.1.prop1-func-interl.yml,1123,5,4,2618,C
peterson.2.prop1-back-serstep.yml,1300,5,4,3097,C
peterson.2.prop1-func-interl.yml,1123,5,4,2612,C
peterson.3.prop1-back-serstep.yml,1300,5,4,3103,C
peterson.3.prop1-func-interl.yml,1123,5,4,2618,C
peterson.4.prop1-back-serstep.yml,1801,5,4,4275,C
peterson.4.prop1-func-interl.yml,1568,5,4,3633,C
peterson.5.prop1-back-serstep.yml,1801,5,4,4267,C
peterson.5.prop1-func-interl.yml,1568,5,4,3625,C
peterson.6.prop1-back-serstep.yml,1801,5,4,4275,C
peterson.6.prop1-func-interl.yml,1568,5,4,3633,C
peterson.7.prop1-back-serstep.yml,2338,5,4,5523,C
peterson.7.prop1-func-interl.yml,2049,5,4,4724,C
pgm_protocol.1.prop5-func-interl.yml,10634,5,4,24378,C
pgm_protocol.1.prop6-func-interl.yml,10635,5,4,24380,C
pgm_protocol.2.prop5-back-serstep.yml,12131,5,4,28094,C
pgm_protocol.2.prop6-func-interl.yml,10574,5,4,24247,C
pgm_protocol.5.prop1-func-interl.yml,10675,5,4,24473,C
pgm_protocol.6.prop6-func-interl.yml,10773,5,4,24689,C
pgm_protocol.7.prop5-func-interl.yml,10659,5,4,24439,C
pgm_protocol.7.prop6-back-serstep.yml,12254,5,4,28370,C
plc.1.prop2-func-interl.yml,10955,5,4,24979,C
plc.2.prop2-func-interl.yml,10955,5,4,24979,C
plc.3.prop2-func-interl.yml,10955,5,4,24979,C
production_cell.1.prop1-back-serstep.yml,1992,5,4,4785,C
production_cell.1.prop1-func-interl.yml,1698,5,4,3993,C
production_cell.2.prop1-back-serstep.yml,1731,5,4,4157,C
production_cell.2.prop1-func-interl.yml,1449,5,4,3416,C
production_cell.3.prop1-back-serstep.yml,2865,5,4,6873,C
production_cell.3.prop1-func-interl.yml,2511,5,4,5880,C
production_cell.4.prop1-back-serstep.yml,2343,5,4,5617,C
production_cell.4.prop1-func-interl.yml,2005,5,4,4710,C
production_cell.5.prop1-back-serstep.yml,3447,5,4,8265,C
production_cell.5.prop1-func-interl.yml,3053,5,4,7138,C
production_cell.6.prop1-back-serstep.yml,4029,5,4,9657,C
production_cell.6.prop1-func-interl.yml,3595,5,4,8396,C
protocols.1.prop1-back-serstep.yml,889,5,4,2172,C
protocols.1.prop1-func-interl.yml,704,5,4,1710,C
protocols.2.prop1-back-serstep.yml,1009,5,4,2461,C
protocols.2.prop1-func-interl.yml,830,5,4,2003,C
protocols.3.prop1-back-serstep.yml,1246,5,4,3001,C
protocols.3.prop1-func-interl.yml,1007,5,4,2395,C
protocols.4.prop1-back-serstep.yml,1246,5,4,3001,C
protocols.4.prop1-func-interl.yml,1007,5,4,2395,C
protocols.5.prop1-back-serstep.yml,1246,5,4,3001,C
protocols.5.prop1-func-interl.yml,1007,5,4,2395,C
reader_writer.1.prop1-back-serstep.yml,2622,5,4,6392,C
reader_writer.1.prop1-func-interl.yml,2539,5,4,6169,C
reader_writer.2.prop1-back-serstep.yml,3402,5,4,8250,C
reader_writer.2.prop1-func-interl.yml,3269,5,4,7928,C
reader_writer.3.prop1-back-serstep.yml,4605,5,4,11212,C
reader_writer.3.prop1-func-interl.yml,4498,5,4,10919,C
recount4.yml,19,5,4,60,C
resistance.1.prop1-back-serstep.yml,1284,5,4,3149,C
resistance.1.prop1-func-interl.yml,1141,5,4,2688,C
resistance.1.prop2-back-serstep.yml,1286,5,4,3153,C
resistance.1.prop2-func-interl.yml,1141,5,4,2688,C
resistance.1.prop3-back-serstep.yml,1286,5,4,3153,C
resistance.1.prop3-func-interl.yml,1141,5,4,2688,C
resistance.2.prop1-back-serstep.yml,1585,5,4,3887,C
resistance.2.prop1-func-interl.yml,1403,5,4,3305,C
resistance.2.prop2-back-serstep.yml,1587,5,4,3891,C
resistance.2.prop2-func-interl.yml,1403,5,4,3305,C
resistance.2.prop3-back-serstep.yml,1587,5,4,3891,C
resistance.2.prop3-func-interl.yml,1403,5,4,3305,C
rether.1.prop1-back-serstep.yml,2943,5,4,7001,C
rether.1.prop1-func-interl.yml,2576,5,4,5986,C
rether.2.prop1-back-serstep.yml,3821,5,4,9072,C
rether.2.prop1-func-interl.yml,3348,5,4,7776,C
rether.3.prop1-back-serstep.yml,6647,5,4,15717,C
rether.3.prop1-func-interl.yml,5808,5,4,13482,C
rether.4.prop1-back-serstep.yml,7399,5,4,17573,C
rether.4.prop1-func-interl.yml,6634,5,4,15420,C
rether.5.prop1-func-interl.yml,8484,5,4,19692,C
rether.6.prop1-func-interl.yml,8144,5,4,18928,C
schedule_world.1.prop1-back-serstep.yml,1378,5,4,3126,C
schedule_world.1.prop1-func-interl.yml,1129,5,4,2585,C
schedule_world.2.prop1-back-serstep.yml,1927,5,4,4358,C
schedule_world.2.prop1-func-interl.yml,1611,5,4,3679,C
schedule_world.3.prop1-back-serstep.yml,2476,5,4,5590,C
schedule_world.3.prop1-func-interl.yml,2089,5,4,4765,C
sokoban.1.prop1-back-serstep.yml,9007,5,4,18956,C
sokoban.1.prop1-func-interl.yml,6853,5,4,14398,C
sokoban.2.prop1-back-serstep.yml,8472,5,4,17834,C
sokoban.2.prop1-func-interl.yml,6446,5,4,13548,C
synapse.1.prop1-back-serstep.yml,6954,5,4,16166,C
synapse.1.prop1-func-interl.yml,6392,5,4,14655,C
synapse.2.prop1-back-serstep.yml,7830,5,4,18134,C
synapse.2.prop1-func-interl.yml,7232,5,4,16551,C
synapse.3.prop1-back-serstep.yml,8694,5,4,20078,C
szymanski.1.prop1-back-serstep.yml,3614,5,4,8511,C
szymanski.1.prop1-func-interl.yml,2953,5,4,6848,C
szymanski.2.prop1-back-serstep.yml,3614,5,4,8511,C
szymanski.2.prop1-func-interl.yml,2971,5,4,6890,C
szymanski.3.prop1-back-serstep.yml,5057,5,4,11819,C
szymanski.3.prop1-func-interl.yml,3992,5,4,9233,C
szymanski.4.prop1-back-serstep.yml,5057,5,4,11819,C
szymanski.4.prop1-func-interl.yml,4016,5,4,9289,C
szymanski.5.prop1-back-serstep.yml,6620,5,4,15367,C
szymanski.5.prop1-func-interl.yml,5059,5,4,11674,C
telephony.1.prop1-back-serstep.yml,2796,5,4,6695,C
telephony.1.prop1-func-interl.yml,2633,5,4,6103,C
telephony.2.prop1-back-serstep.yml,3853,5,4,9203,C
telephony.2.prop1-func-interl.yml,3606,5,4,8344,C
telephony.3.prop1-back-serstep.yml,4447,5,4,10601,C
telephony.3.prop1-func-interl.yml,4152,5,4,9610,C
telephony.4.prop1-back-serstep.yml,5378,5,4,12811,C
telephony.4.prop1-func-interl.yml,5003,5,4,11573,C
telephony.5.prop1-back-serstep.yml,6282,5,4,14915,C
telephony.5.prop1-func-interl.yml,5819,5,4,13453,C
telephony.6.prop1-back-serstep.yml,5858,5,4,13959,C
telephony.6.prop1-func-interl.yml,5511,5,4,12761,C
telephony.7.prop1-back-serstep.yml,5676,5,4,13483,C
telephony.7.prop1-func-interl.yml,5191,5,4,11993,C
telephony.8.prop1-back-serstep.yml,6270,5,4,14891,C
telephony.8.prop1-func-interl.yml,5807,5,4,13429,C
train-gate.1.prop1-back-serstep.yml,1664,5,4,3938,C
train-gate.1.prop1-func-interl.yml,1397,5,4,3256,C
train-gate.2.prop1-back-serstep.yml,2626,5,4,6192,C
train-gate.2.prop1-func-interl.yml,2231,5,4,5176,C
train-gate.3.prop1-back-serstep.yml,2626,5,4,6192,C
train-gate.3.prop1-func-interl.yml,2231,5,4,5176,C
train-gate.4.prop1-back-serstep.yml,3588,5,4,8446,C
train-gate.4.prop1-func-interl.yml,3065,5,4,7096,C
train-gate.5.prop1-back-serstep.yml,3588,5,4,8446,C
train-gate.5.prop1-func-interl.yml,3065,5,4,7096,C
train-gate.6.prop1-back-serstep.yml,4069,5,4,9573,C
train-gate.6.prop1-func-interl.yml,3482,5,4,8056,C
train-gate.7.prop1-back-serstep.yml,4550,5,4,10700,C
train-gate.7.prop1-func-interl.yml,3899,5,4,9016,C
twocount2.yml,29,5,4,82,C
twocount32.yml,27,5,4,74,C
