Filename,Input Type,CPU Time,Memory
adding.1.prop1-back-serstep.yml,BTOR2,2.811882899s,111218688B
adding.1.prop1-func-interl.yml,BTOR2,2.653939322s,110866432B
adding.2.prop1-back-serstep.yml,BTOR2,2.78392654s,111472640B
adding.2.prop1-func-interl.yml,BTOR2,5.271290573s,102498304B
adding.3.prop1-back-serstep.yml,BTOR2,6.485602696s,107511808B
adding.3.prop1-func-interl.yml,BTOR2,5.232262602s,101367808B
adding.4.prop1-back-serstep.yml,BTOR2,5.002450207s,107503616B
adding.4.prop1-func-interl.yml,BTOR2,3.54188776s,111296512B
adding.5.prop1-back-serstep.yml,BTOR2,4.874434473s,107864064B
adding.5.prop1-func-interl.yml,BTOR2,4.826701875s,110596096B
adding.6.prop1-back-serstep.yml,BTOR2,3.618373696s,111566848B
adding.6.prop1-func-interl.yml,BTOR2,2.81070085s,111214592B
anderson.1.prop1-back-serstep.yml,BTOR2,4.528431586s,169852928B
anderson.1.prop1-func-interl.yml,BTOR2,4.856445927s,141258752B
anderson.2.prop1-back-serstep.yml,BTOR2,4.187617498s,202838016B
anderson.2.prop1-func-interl.yml,BTOR2,7.468005253s,160579584B
anderson.3.prop1-back-serstep.yml,BTOR2,7.046421928s,213979136B
anderson.3.prop1-func-interl.yml,BTOR2,8.487123304s,185966592B
anderson.4.prop1-back-serstep.yml,BTOR2,7.443943933s,196849664B
anderson.4.prop1-func-interl.yml,BTOR2,4.633807898s,197541888B
anderson.5.prop1-back-serstep.yml,BTOR2,6.096717687s,267718656B
anderson.5.prop1-func-interl.yml,BTOR2,7.837515599s,231665664B
anderson.6.prop1-back-serstep.yml,BTOR2,9.210737579s,257626112B
anderson.6.prop1-func-interl.yml,BTOR2,10.841947758s,238190592B
anderson.7.prop1-back-serstep.yml,BTOR2,11.531002206s,283828224B
anderson.7.prop1-func-interl.yml,BTOR2,11.48821116s,278159360B
anderson.8.prop1-back-serstep.yml,BTOR2,9.403946062s,393768960B
anderson.8.prop1-func-interl.yml,BTOR2,11.358483961s,300003328B
at.1.prop1-back-serstep.yml,BTOR2,11.62346353s,255442944B
at.1.prop1-func-interl.yml,BTOR2,6.101098975s,198836224B
at.2.prop1-back-serstep.yml,BTOR2,5.928123436s,248143872B
at.2.prop1-func-interl.yml,BTOR2,5.864248165s,203481088B
at.3.prop1-back-serstep.yml,BTOR2,14.653790985s,281788416B
at.3.prop1-func-interl.yml,BTOR2,9.30766374s,251944960B
at.4.prop1-back-serstep.yml,BTOR2,19.324675335s,329097216B
at.4.prop1-func-interl.yml,BTOR2,12.076067053s,377769984B
at.5.prop1-back-serstep.yml,BTOR2,5.406218251s,397045760B
at.5.prop1-func-interl.yml,BTOR2,8.077021351s,370765824B
at.6.prop1-back-serstep.yml,BTOR2,10.768422964s,356364288B
at.6.prop1-func-interl.yml,BTOR2,9.306010935s,326025216B
at.7.prop1-back-serstep.yml,BTOR2,11.887941772s,397946880B
at.7.prop1-func-interl.yml,BTOR2,10.105097078s,303587328B
bakery.1.prop1-back-serstep.yml,BTOR2,7.989932345s,175222784B
bakery.1.prop1-func-interl.yml,BTOR2,3.526290805s,170414080B
bakery.2.prop1-back-serstep.yml,BTOR2,5.068207672s,193867776B
bakery.2.prop1-func-interl.yml,BTOR2,7.641472561s,170102784B
bakery.3.prop1-back-serstep.yml,BTOR2,10.509054391s,206176256B
bakery.3.prop1-func-interl.yml,BTOR2,7.785891073s,213311488B
bakery.4.prop1-back-serstep.yml,BTOR2,8.702376872s,209530880B
bakery.4.prop1-func-interl.yml,BTOR2,4.188727952s,220610560B
bakery.5.prop1-back-serstep.yml,BTOR2,9.325467772s,249454592B
bakery.5.prop1-func-interl.yml,BTOR2,6.195273872s,194097152B
bakery.6.prop1-back-serstep.yml,BTOR2,7.521908017s,249876480B
bakery.6.prop1-func-interl.yml,BTOR2,4.718257634s,211165184B
bakery.7.prop1-back-serstep.yml,BTOR2,10.032258844s,240844800B
bakery.7.prop1-func-interl.yml,BTOR2,4.41967331s,202633216B
bakery.8.prop1-back-serstep.yml,BTOR2,9.660757332s,318611456B
bakery.8.prop1-func-interl.yml,BTOR2,8.99435555s,238620672B
blocks.2.prop1-back-serstep.yml,BTOR2,5.935502351s,203251712B
blocks.2.prop1-func-interl.yml,BTOR2,4.284058268s,191950848B
blocks.3.prop1-back-serstep.yml,BTOR2,5.661024946s,264081408B
blocks.3.prop1-func-interl.yml,BTOR2,6.482551361s,255750144B
blocks.4.prop1-back-serstep.yml,BTOR2,7.240528559s,687562752B
blocks.4.prop1-func-interl.yml,BTOR2,7.80807207s,376352768B
bridge.1.prop1-back-serstep.yml,BTOR2,9.494139112s,252080128B
bridge.1.prop1-func-interl.yml,BTOR2,8.632433914s,202412032B
bridge.2.prop1-back-serstep.yml,BTOR2,11.459391926s,391716864B
bridge.2.prop1-func-interl.yml,BTOR2,11.956368652s,255029248B
bridge.3.prop1-back-serstep.yml,BTOR2,8.768322408s,434860032B
bridge.3.prop1-func-interl.yml,BTOR2,13.770226706s,447123456B
brp.1.prop1-back-serstep.yml,BTOR2,9.36080737s,257277952B
brp.1.prop1-func-interl.yml,BTOR2,7.886475347s,194764800B
brp.2.prop1-back-serstep.yml,BTOR2,7.441570741s,234184704B
brp.2.prop1-func-interl.yml,BTOR2,4.477010953s,193138688B
brp.3.prop1-back-serstep.yml,BTOR2,8.480329643s,263815168B
brp.3.prop1-func-interl.yml,BTOR2,8.877257096s,185434112B
brp.4.prop1-back-serstep.yml,BTOR2,7.745786772s,246050816B
brp.4.prop1-func-interl.yml,BTOR2,10.801955522s,238616576B
brp.5.prop1-back-serstep.yml,BTOR2,6.42706329s,277979136B
brp.5.prop1-func-interl.yml,BTOR2,5.251541699s,246489088B
brp.6.prop1-back-serstep.yml,BTOR2,12.730967473s,260947968B
brp.6.prop1-func-interl.yml,BTOR2,6.568325285s,343158784B
brp2.1.prop1-back-serstep.yml,BTOR2,6.489539318s,270348288B
brp2.1.prop1-func-interl.yml,BTOR2,8.627620352s,213585920B
brp2.1.prop2-back-serstep.yml,BTOR2,8.516785749s,233164800B
brp2.1.prop2-func-interl.yml,BTOR2,8.040960635s,195141632B
brp2.1.prop3-back-serstep.yml,BTOR2,8.34155138s,276189184B
brp2.1.prop3-func-interl.yml,BTOR2,6.419768639s,229552128B
brp2.2.prop1-back-serstep.yml,BTOR2,12.571175402s,246870016B
brp2.2.prop1-func-interl.yml,BTOR2,8.547171554s,207425536B
brp2.2.prop2-back-serstep.yml,BTOR2,6.377876802s,302137344B
brp2.2.prop2-func-interl.yml,BTOR2,7.912570858s,207552512B
brp2.2.prop3-back-serstep.yml,BTOR2,10.584520437s,296431616B
brp2.2.prop3-func-interl.yml,BTOR2,12.656889778s,198238208B
brp2.3.prop1-back-serstep.yml,BTOR2,12.171882343s,305606656B
brp2.3.prop1-func-interl.yml,BTOR2,5.928610299s,205639680B
brp2.3.prop2-back-serstep.yml,BTOR2,7.577397093s,250150912B
brp2.3.prop2-func-interl.yml,BTOR2,10.962028136s,216281088B
brp2.3.prop3-back-serstep.yml,BTOR2,6.578250997s,250683392B
brp2.3.prop3-func-interl.yml,BTOR2,9.093695822s,213614592B
brp2.4.prop1-back-serstep.yml,BTOR2,6.788579737s,259653632B
brp2.4.prop1-func-interl.yml,BTOR2,5.384690064s,220696576B
brp2.4.prop2-back-serstep.yml,BTOR2,12.734485704s,253771776B
brp2.4.prop2-func-interl.yml,BTOR2,8.112953557s,204533760B
brp2.4.prop3-back-serstep.yml,BTOR2,7.195174823s,311119872B
brp2.4.prop3-func-interl.yml,BTOR2,6.522089262s,204636160B
brp2.5.prop1-back-serstep.yml,BTOR2,8.234693686s,245325824B
brp2.5.prop1-func-interl.yml,BTOR2,11.727671202s,214810624B
brp2.5.prop2-back-serstep.yml,BTOR2,6.296820422s,300404736B
brp2.5.prop2-func-interl.yml,BTOR2,9.027632056s,203223040B
brp2.5.prop3-back-serstep.yml,BTOR2,9.959121841s,254758912B
brp2.5.prop3-func-interl.yml,BTOR2,4.82102864s,196575232B
brp2.6.prop1-back-serstep.yml,BTOR2,7.879705486s,328450048B
brp2.6.prop1-func-interl.yml,BTOR2,6.711677395s,230408192B
brp2.6.prop2-back-serstep.yml,BTOR2,8.629292592s,245252096B
brp2.6.prop2-func-interl.yml,BTOR2,4.068622108s,233549824B
brp2.6.prop3-back-serstep.yml,BTOR2,15.016072661s,245743616B
brp2.6.prop3-func-interl.yml,BTOR2,9.060721794s,193466368B
cambridge.1.prop1-back-serstep.yml,BTOR2,15.226708293s,392114176B
cambridge.1.prop1-func-interl.yml,BTOR2,7.299882154s,285900800B
cambridge.1.prop2-back-serstep.yml,BTOR2,10.853355508s,528949248B
cambridge.1.prop2-func-interl.yml,BTOR2,6.472026363s,337076224B
cambridge.2.prop1-back-serstep.yml,BTOR2,15.852660932s,387174400B
cambridge.2.prop1-func-interl.yml,BTOR2,10.355724955s,279982080B
cambridge.2.prop2-back-serstep.yml,BTOR2,13.44158296s,351809536B
cambridge.2.prop2-func-interl.yml,BTOR2,6.543384754s,269303808B
cambridge.3.prop1-back-serstep.yml,BTOR2,12.4339621s,367665152B
cambridge.3.prop1-func-interl.yml,BTOR2,11.922895567s,367996928B
cambridge.3.prop2-back-serstep.yml,BTOR2,9.899022166s,343826432B
cambridge.3.prop2-func-interl.yml,BTOR2,11.275639155s,398295040B
cambridge.4.prop1-back-serstep.yml,BTOR2,11.038196078s,394887168B
cambridge.4.prop1-func-interl.yml,BTOR2,10.630635924s,362729472B
cambridge.4.prop2-back-serstep.yml,BTOR2,12.050101007s,429613056B
cambridge.4.prop2-func-interl.yml,BTOR2,12.344090279s,358977536B
cambridge.5.prop1-back-serstep.yml,BTOR2,20.244768558s,538451968B
cambridge.5.prop1-func-interl.yml,BTOR2,10.156911122s,391409664B
cambridge.5.prop2-back-serstep.yml,BTOR2,14.068099284s,598712320B
cambridge.5.prop2-func-interl.yml,BTOR2,15.72651108s,371732480B
cambridge.6.prop1-back-serstep.yml,BTOR2,16.719999253s,655003648B
cambridge.6.prop1-func-interl.yml,BTOR2,10.934055725s,490397696B
cambridge.6.prop2-back-serstep.yml,BTOR2,12.693028037s,898007040B
cambridge.6.prop2-func-interl.yml,BTOR2,10.800360462s,561086464B
cambridge.7.prop1-back-serstep.yml,BTOR2,19.852439971s,961904640B
cambridge.7.prop1-func-interl.yml,BTOR2,20.679936473s,531357696B
cambridge.7.prop2-back-serstep.yml,BTOR2,30.997172335s,649170944B
cambridge.7.prop2-func-interl.yml,BTOR2,21.840272187s,584212480B
collision.1.prop1-back-serstep.yml,BTOR2,7.884142822s,224014336B
collision.1.prop1-func-interl.yml,BTOR2,5.586459204s,195584000B
collision.2.prop1-back-serstep.yml,BTOR2,9.588214765s,204021760B
collision.2.prop1-func-interl.yml,BTOR2,8.519412618s,220971008B
collision.3.prop1-back-serstep.yml,BTOR2,6.305832129s,252157952B
collision.3.prop1-func-interl.yml,BTOR2,8.647546153s,183443456B
collision.4.prop1-back-serstep.yml,BTOR2,11.728368917s,298872832B
collision.4.prop1-func-interl.yml,BTOR2,7.076880363s,276549632B
collision.5.prop1-back-serstep.yml,BTOR2,7.74464475s,320700416B
collision.5.prop1-func-interl.yml,BTOR2,7.096962307s,239177728B
collision.6.prop1-back-serstep.yml,BTOR2,10.394432288s,378585088B
collision.6.prop1-func-interl.yml,BTOR2,11.571841324s,311996416B
cyclic_scheduler.1.prop1-back-serstep.yml,BTOR2,11.131080208s,311025664B
cyclic_scheduler.1.prop1-func-interl.yml,BTOR2,7.057103159s,318324736B
cyclic_scheduler.2.prop1-back-serstep.yml,BTOR2,5.08705842s,214458368B
cyclic_scheduler.2.prop1-func-interl.yml,BTOR2,7.483884331s,206413824B
cyclic_scheduler.3.prop1-back-serstep.yml,BTOR2,9.059662946s,459141120B
cyclic_scheduler.3.prop1-func-interl.yml,BTOR2,13.342116705s,346447872B
cyclic_scheduler.4.prop1-back-serstep.yml,BTOR2,7.098627021s,384868352B
cyclic_scheduler.4.prop1-func-interl.yml,BTOR2,7.091906506s,270229504B
driving_phils.1.prop1-back-serstep.yml,BTOR2,6.307024762s,311062528B
driving_phils.1.prop1-func-interl.yml,BTOR2,8.999180563s,198004736B
driving_phils.2.prop1-back-serstep.yml,BTOR2,8.027143122s,327368704B
driving_phils.2.prop1-func-interl.yml,BTOR2,5.701975788s,183377920B
driving_phils.3.prop1-back-serstep.yml,BTOR2,10.363099904s,360083456B
driving_phils.3.prop1-func-interl.yml,BTOR2,12.31786106s,240889856B
driving_phils.4.prop1-back-serstep.yml,BTOR2,6.753095479s,418607104B
driving_phils.4.prop1-func-interl.yml,BTOR2,7.608161564s,242405376B
driving_phils.5.prop1-back-serstep.yml,BTOR2,7.962688987s,477384704B
driving_phils.5.prop1-func-interl.yml,BTOR2,7.105842814s,237219840B
elevator.1.prop1-back-serstep.yml,BTOR2,7.04487669s,220463104B
elevator.1.prop1-func-interl.yml,BTOR2,4.889617525s,192385024B
elevator.2.prop1-back-serstep.yml,BTOR2,5.381907608s,255016960B
elevator.2.prop1-func-interl.yml,BTOR2,5.753345962s,212553728B
elevator.3.prop1-back-serstep.yml,BTOR2,6.926683303s,282042368B
elevator.3.prop1-func-interl.yml,BTOR2,7.353585161s,242511872B
elevator.4.prop1-back-serstep.yml,BTOR2,6.449479357s,266051584B
elevator.4.prop1-func-interl.yml,BTOR2,10.771030474s,266022912B
elevator.5.prop1-back-serstep.yml,BTOR2,10.653063049s,381018112B
elevator.5.prop1-func-interl.yml,BTOR2,13.526821384s,444624896B
elevator_planning.1.prop1-back-serstep.yml,BTOR2,8.072020702s,222793728B
elevator_planning.1.prop1-func-interl.yml,BTOR2,4.930662644s,186920960B
elevator_planning.2.prop1-back-serstep.yml,BTOR2,7.077569034s,255496192B
elevator_planning.2.prop1-func-interl.yml,BTOR2,4.431450418s,204070912B
elevator_planning.3.prop1-back-serstep.yml,BTOR2,7.73830163s,190992384B
elevator_planning.3.prop1-func-interl.yml,BTOR2,3.826904443s,210677760B
exit.1.prop1-back-serstep.yml,BTOR2,6.334494192s,264867840B
exit.1.prop1-func-interl.yml,BTOR2,5.124422588s,196608000B
exit.2.prop1-back-serstep.yml,BTOR2,7.931637345s,380731392B
exit.2.prop1-func-interl.yml,BTOR2,8.978488298s,411004928B
exit.3.prop1-back-serstep.yml,BTOR2,16.113322688s,356696064B
exit.3.prop1-func-interl.yml,BTOR2,8.529097507s,389767168B
exit.4.prop1-back-serstep.yml,BTOR2,11.650521717s,332005376B
exit.4.prop1-func-interl.yml,BTOR2,14.918904273s,380424192B
exit.5.prop1-back-serstep.yml,BTOR2,14.575935596s,625774592B
exit.5.prop1-func-interl.yml,BTOR2,18.538828252s,426831872B
extinction.1.prop1-back-serstep.yml,BTOR2,16.518031584s,454512640B
extinction.1.prop1-func-interl.yml,BTOR2,16.965868312s,329789440B
extinction.2.prop1-back-serstep.yml,BTOR2,14.96033339s,745250816B
extinction.2.prop1-func-interl.yml,BTOR2,19.747679163s,496865280B
extinction.3.prop1-back-serstep.yml,BTOR2,23.910734808s,557793280B
extinction.3.prop1-func-interl.yml,BTOR2,12.289196214s,576036864B
extinction.4.prop1-back-serstep.yml,BTOR2,13.429816597s,730968064B
extinction.4.prop1-func-interl.yml,BTOR2,24.729328596s,589926400B
firewire_tree.1.prop1-back-serstep.yml,BTOR2,145.518149597s,1179189248B
firewire_tree.1.prop1-func-interl.yml,BTOR2,120.139756043s,1201864704B
firewire_tree.1.prop2-back-serstep.yml,BTOR2,145.000791998s,1072570368B
firewire_tree.1.prop2-func-interl.yml,BTOR2,73.660063878s,1214332928B
firewire_tree.1.prop3-back-serstep.yml,BTOR2,131.725140438s,1175633920B
firewire_tree.1.prop3-func-interl.yml,BTOR2,107.513338898s,1119006720B
firewire_tree.2.prop1-back-serstep.yml,BTOR2,41.395012773s,775290880B
firewire_tree.2.prop1-func-interl.yml,BTOR2,22.843148965s,1069617152B
firewire_tree.2.prop2-back-serstep.yml,BTOR2,46.248039019s,1104097280B
firewire_tree.2.prop2-func-interl.yml,BTOR2,36.843964059s,668196864B
firewire_tree.2.prop3-back-serstep.yml,BTOR2,39.41742105s,753868800B
firewire_tree.2.prop3-func-interl.yml,BTOR2,34.930278262s,715489280B
firewire_tree.3.prop1-back-serstep.yml,BTOR2,68.747220309s,1523601408B
firewire_tree.3.prop1-func-interl.yml,BTOR2,58.045924182s,1416777728B
firewire_tree.3.prop2-back-serstep.yml,BTOR2,86.710361635s,1485537280B
firewire_tree.3.prop2-func-interl.yml,BTOR2,70.628092324s,1373839360B
firewire_tree.3.prop3-back-serstep.yml,BTOR2,72.869906333s,1588473856B
firewire_tree.3.prop3-func-interl.yml,BTOR2,121.58401865s,1161711616B
firewire_tree.4.prop1-back-serstep.yml,BTOR2,150.412432726s,1513508864B
firewire_tree.4.prop1-func-interl.yml,BTOR2,97.95590995s,1656393728B
firewire_tree.4.prop2-back-serstep.yml,BTOR2,172.292667696s,1550147584B
firewire_tree.4.prop2-func-interl.yml,BTOR2,200.506322352s,1476943872B
firewire_tree.4.prop3-back-serstep.yml,BTOR2,125.763239675s,1729736704B
firewire_tree.4.prop3-func-interl.yml,BTOR2,195.215433417s,1293795328B
fischer.1.prop1-back-serstep.yml,BTOR2,6.020361448s,159367168B
fischer.1.prop1-func-interl.yml,BTOR2,6.589711778s,179576832B
fischer.2.prop1-back-serstep.yml,BTOR2,8.096436758s,218128384B
fischer.2.prop1-func-interl.yml,BTOR2,5.437172902s,186802176B
fischer.3.prop1-back-serstep.yml,BTOR2,6.587929816s,205185024B
fischer.3.prop1-func-interl.yml,BTOR2,6.170771609s,205017088B
fischer.4.prop1-back-serstep.yml,BTOR2,9.184519552s,234979328B
fischer.4.prop1-func-interl.yml,BTOR2,9.71697538s,187707392B
fischer.5.prop1-back-serstep.yml,BTOR2,5.904366139s,256032768B
fischer.5.prop1-func-interl.yml,BTOR2,9.172775673s,207708160B
fischer.6.prop1-back-serstep.yml,BTOR2,10.219728407s,259194880B
fischer.6.prop1-func-interl.yml,BTOR2,6.619256912s,198918144B
fischer.7.prop1-back-serstep.yml,BTOR2,7.858582109s,252391424B
fischer.7.prop1-func-interl.yml,BTOR2,7.701357007s,255217664B
frogs.1.prop1-back-serstep.yml,BTOR2,13.800976323s,428597248B
frogs.1.prop1-func-interl.yml,BTOR2,12.219854364s,441028608B
frogs.2.prop1-back-serstep.yml,BTOR2,8.437095848s,409182208B
frogs.2.prop1-func-interl.yml,BTOR2,6.212005761s,284585984B
frogs.3.prop1-back-serstep.yml,BTOR2,21.547228498s,652374016B
frogs.3.prop1-func-interl.yml,BTOR2,11.215005913s,505229312B
frogs.4.prop1-back-serstep.yml,BTOR2,12.990895822s,620658688B
frogs.4.prop1-func-interl.yml,BTOR2,9.461470996s,493621248B
frogs.5.prop1-back-serstep.yml,BTOR2,14.406805339s,747429888B
frogs.5.prop1-func-interl.yml,BTOR2,16.201592786s,517468160B
gear.1.prop1-back-serstep.yml,BTOR2,15.58657169s,300138496B
gear.1.prop1-func-interl.yml,BTOR2,10.222654138s,255717376B
gear.1.prop2-back-serstep.yml,BTOR2,13.256579932s,357912576B
gear.1.prop2-func-interl.yml,BTOR2,12.866569873s,275554304B
gear.1.prop3-back-serstep.yml,BTOR2,7.63300617s,378933248B
gear.1.prop3-func-interl.yml,BTOR2,9.179012122s,247676928B
gear.1.prop4-back-serstep.yml,BTOR2,9.223657219s,296751104B
gear.1.prop4-func-interl.yml,BTOR2,6.775581758s,260247552B
gear.2.prop1-back-serstep.yml,BTOR2,7.589477855s,326373376B
gear.2.prop1-func-interl.yml,BTOR2,11.972747053s,251965440B
gear.2.prop2-back-serstep.yml,BTOR2,9.246978874s,323325952B
gear.2.prop2-func-interl.yml,BTOR2,7.219052026s,239505408B
gear.2.prop3-back-serstep.yml,BTOR2,7.748650873s,366743552B
gear.2.prop3-func-interl.yml,BTOR2,6.992821079s,251969536B
gear.2.prop4-back-serstep.yml,BTOR2,12.559119956s,356212736B
gear.2.prop4-func-interl.yml,BTOR2,7.279453094s,293322752B
hanoi.1.prop1-back-serstep.yml,BTOR2,9.598748184s,250933248B
hanoi.1.prop1-func-interl.yml,BTOR2,5.49839716s,228601856B
hanoi.2.prop1-back-serstep.yml,BTOR2,15.336772394s,305188864B
hanoi.2.prop1-func-interl.yml,BTOR2,8.116025141s,186429440B
hanoi.3.prop1-back-serstep.yml,BTOR2,10.385587692s,447668224B
hanoi.3.prop1-func-interl.yml,BTOR2,6.524852866s,246210560B
hanoi.4.prop1-back-serstep.yml,BTOR2,9.752250502s,442998784B
hanoi.4.prop1-func-interl.yml,BTOR2,7.120336477s,241684480B
iprotocol.1.prop1-back-serstep.yml,BTOR2,10.598223639s,255643648B
iprotocol.1.prop1-func-interl.yml,BTOR2,6.245970155s,220811264B
iprotocol.2.prop1-back-serstep.yml,BTOR2,6.6646564s,277778432B
iprotocol.2.prop1-func-interl.yml,BTOR2,6.20628438s,188383232B
iprotocol.3.prop1-back-serstep.yml,BTOR2,7.42705974s,263573504B
iprotocol.3.prop1-func-interl.yml,BTOR2,5.436237894s,213741568B
iprotocol.4.prop1-back-serstep.yml,BTOR2,13.01366313s,243388416B
iprotocol.4.prop1-func-interl.yml,BTOR2,6.373941238s,232833024B
iprotocol.5.prop1-back-serstep.yml,BTOR2,8.293777677s,278966272B
iprotocol.5.prop1-func-interl.yml,BTOR2,6.951313324s,251080704B
iprotocol.6.prop1-back-serstep.yml,BTOR2,8.307599059s,303980544B
iprotocol.6.prop1-func-interl.yml,BTOR2,9.168751235s,220815360B
iprotocol.7.prop1-back-serstep.yml,BTOR2,13.21021326s,333651968B
iprotocol.7.prop1-func-interl.yml,BTOR2,8.525991306s,255819776B
krebs.1.prop1-back-serstep.yml,BTOR2,4.850591159s,195907584B
krebs.1.prop1-func-interl.yml,BTOR2,7.144141088s,147058688B
krebs.2.prop1-back-serstep.yml,BTOR2,5.982511029s,196624384B
krebs.2.prop1-func-interl.yml,BTOR2,6.722137836s,186531840B
krebs.3.prop1-back-serstep.yml,BTOR2,7.977139303s,214196224B
krebs.3.prop1-func-interl.yml,BTOR2,8.03544444s,185847808B
krebs.4.prop1-back-serstep.yml,BTOR2,9.864262594s,251109376B
krebs.4.prop1-func-interl.yml,BTOR2,4.799360372s,196747264B
lamport.1.prop1-back-serstep.yml,BTOR2,10.549952549s,214028288B
lamport.1.prop1-func-interl.yml,BTOR2,8.813571148s,196337664B
lamport.2.prop1-back-serstep.yml,BTOR2,7.284801316s,227876864B
lamport.2.prop1-func-interl.yml,BTOR2,8.23214259s,203571200B
lamport.3.prop1-back-serstep.yml,BTOR2,9.767719507s,196509696B
lamport.3.prop1-func-interl.yml,BTOR2,9.423092081s,211410944B
lamport.5.prop1-back-serstep.yml,BTOR2,12.17958607s,285478912B
lamport.5.prop1-func-interl.yml,BTOR2,9.957035454s,233189376B
lamport.6.prop1-back-serstep.yml,BTOR2,10.887412904s,259338240B
lamport.6.prop1-func-interl.yml,BTOR2,10.958394666s,282718208B
lamport.7.prop1-back-serstep.yml,BTOR2,8.049811864s,409083904B
lamport.7.prop1-func-interl.yml,BTOR2,8.775264565s,277372928B
lamport.8.prop1-back-serstep.yml,BTOR2,10.518305347s,370806784B
lamport.8.prop1-func-interl.yml,BTOR2,14.846521905s,369733632B
lamport_nonatomic.1.prop1-back-serstep.yml,BTOR2,16.991811397s,451719168B
lamport_nonatomic.1.prop1-func-interl.yml,BTOR2,9.142051255s,492335104B
lamport_nonatomic.2.prop1-back-serstep.yml,BTOR2,14.792814447s,423518208B
lamport_nonatomic.2.prop1-func-interl.yml,BTOR2,15.567866847s,432582656B
lamport_nonatomic.3.prop1-back-serstep.yml,BTOR2,12.136443011s,469114880B
lamport_nonatomic.3.prop1-func-interl.yml,BTOR2,16.215412818s,426565632B
lamport_nonatomic.4.prop1-back-serstep.yml,BTOR2,25.337889443s,538390528B
lamport_nonatomic.4.prop1-func-interl.yml,BTOR2,16.627357089s,790425600B
lamport_nonatomic.5.prop1-back-serstep.yml,BTOR2,36.842822452s,726851584B
lamport_nonatomic.5.prop1-func-interl.yml,BTOR2,24.759031414s,946171904B
lann.1.prop1-back-serstep.yml,BTOR2,8.203750358s,197681152B
lann.1.prop1-func-interl.yml,BTOR2,3.999159157s,196083712B
lann.2.prop1-back-serstep.yml,BTOR2,5.497070861s,212733952B
lann.2.prop1-func-interl.yml,BTOR2,7.778297367s,220078080B
lann.3.prop1-back-serstep.yml,BTOR2,8.631559387s,226250752B
lann.3.prop1-func-interl.yml,BTOR2,9.383487101s,186634240B
lann.4.prop1-back-serstep.yml,BTOR2,13.121990124s,260771840B
lann.4.prop1-func-interl.yml,BTOR2,7.027663742s,266797056B
lann.5.prop1-back-serstep.yml,BTOR2,12.764795875s,265781248B
lann.5.prop1-func-interl.yml,BTOR2,9.529397429s,247537664B
lann.6.prop1-back-serstep.yml,BTOR2,10.7300539s,226590720B
lann.6.prop1-func-interl.yml,BTOR2,5.679015905s,201023488B
lann.7.prop1-back-serstep.yml,BTOR2,6.262027347s,318517248B
lann.7.prop1-func-interl.yml,BTOR2,5.390801061s,237453312B
lann.8.prop1-back-serstep.yml,BTOR2,6.319763236s,281694208B
lann.8.prop1-func-interl.yml,BTOR2,11.167309626s,216104960B
leader_election.1.prop1-back-serstep.yml,BTOR2,17.897180979s,805941248B
leader_election.1.prop1-func-interl.yml,BTOR2,20.881827302s,502345728B
leader_election.2.prop1-back-serstep.yml,BTOR2,19.806871769s,1125261312B
leader_election.2.prop1-func-interl.yml,BTOR2,21.31729373s,615194624B
leader_election.3.prop1-back-serstep.yml,BTOR2,26.346080832s,1127907328B
leader_election.3.prop1-func-interl.yml,BTOR2,23.943810653s,671662080B
leader_election.4.prop1-back-serstep.yml,BTOR2,36.160361738s,1155969024B
leader_election.4.prop1-func-interl.yml,BTOR2,21.688610138s,949788672B
leader_election.5.prop1-back-serstep.yml,BTOR2,49.736457001s,1244155904B
leader_election.5.prop1-func-interl.yml,BTOR2,42.977629423s,809480192B
leader_election.6.prop1-back-serstep.yml,BTOR2,126.404920182s,1241845760B
leader_election.6.prop1-func-interl.yml,BTOR2,40.279235492s,1149628416B
leader_filters.1.prop1-back-serstep.yml,BTOR2,7.382068995s,248852480B
leader_filters.1.prop1-func-interl.yml,BTOR2,9.193645643s,205225984B
leader_filters.2.prop1-back-serstep.yml,BTOR2,6.990547272s,250417152B
leader_filters.2.prop1-func-interl.yml,BTOR2,6.542078891s,188624896B
leader_filters.3.prop1-back-serstep.yml,BTOR2,11.456990621s,328712192B
leader_filters.3.prop1-func-interl.yml,BTOR2,10.238889845s,285696000B
leader_filters.4.prop1-back-serstep.yml,BTOR2,12.169808446s,307486720B
leader_filters.4.prop1-func-interl.yml,BTOR2,9.362234555s,227553280B
leader_filters.5.prop1-back-serstep.yml,BTOR2,16.582800021s,314408960B
leader_filters.5.prop1-func-interl.yml,BTOR2,13.10476469s,322605056B
leader_filters.6.prop1-back-serstep.yml,BTOR2,14.918235319s,367366144B
leader_filters.6.prop1-func-interl.yml,BTOR2,9.570336953s,340492288B
leader_filters.7.prop1-back-serstep.yml,BTOR2,10.501029921s,450777088B
leader_filters.7.prop1-func-interl.yml,BTOR2,8.881850867s,321339392B
lifts.1.prop1-back-serstep.yml,BTOR2,15.409967821s,680009728B
lifts.1.prop1-func-interl.yml,BTOR2,19.403438271s,610746368B
lifts.2.prop1-back-serstep.yml,BTOR2,18.514735929s,564166656B
lifts.2.prop1-func-interl.yml,BTOR2,12.391275405s,629522432B
lifts.3.prop1-back-serstep.yml,BTOR2,22.442769804s,1056894976B
lifts.3.prop1-func-interl.yml,BTOR2,27.937665278s,672514048B
lifts.4.prop1-back-serstep.yml,BTOR2,33.925813695s,841412608B
lifts.4.prop1-func-interl.yml,BTOR2,15.021855505s,1076854784B
lifts.5.prop1-back-serstep.yml,BTOR2,22.534376438s,784814080B
lifts.5.prop1-func-interl.yml,BTOR2,22.286932821s,892514304B
lifts.6.prop1-back-serstep.yml,BTOR2,32.944114336s,1094361088B
lifts.6.prop1-func-interl.yml,BTOR2,15.232337936s,892264448B
lifts.7.prop1-back-serstep.yml,BTOR2,55.332141381s,775180288B
lifts.7.prop1-func-interl.yml,BTOR2,23.620295177s,1119707136B
lifts.8.prop1-back-serstep.yml,BTOR2,25.978105379s,1092530176B
lifts.8.prop1-func-interl.yml,BTOR2,21.536815477s,1191383040B
loyd.1.prop1-back-serstep.yml,BTOR2,6.894355589s,189440000B
loyd.1.prop1-func-interl.yml,BTOR2,3.935141544s,146350080B
loyd.2.prop1-back-serstep.yml,BTOR2,5.077867363s,208097280B
loyd.2.prop1-func-interl.yml,BTOR2,7.824677371s,199143424B
loyd.3.prop1-back-serstep.yml,BTOR2,7.884999852s,191836160B
loyd.3.prop1-func-interl.yml,BTOR2,5.332899191s,197165056B
lup.1.prop1-back-serstep.yml,BTOR2,6.480570982s,248598528B
lup.1.prop1-func-interl.yml,BTOR2,6.003459528s,229433344B
lup.2.prop1-back-serstep.yml,BTOR2,18.68981225s,484630528B
lup.2.prop1-func-interl.yml,BTOR2,14.458937203s,390926336B
lup.3.prop1-back-serstep.yml,BTOR2,11.838012414s,518176768B
lup.3.prop1-func-interl.yml,BTOR2,8.061186153s,349405184B
lup.4.prop1-back-serstep.yml,BTOR2,19.960778248s,523571200B
lup.4.prop1-func-interl.yml,BTOR2,8.492720826s,467615744B
mcs.1.prop1-back-serstep.yml,BTOR2,5.09424975s,229715968B
mcs.1.prop1-func-interl.yml,BTOR2,9.0774987s,203386880B
mcs.2.prop1-back-serstep.yml,BTOR2,6.28834447s,211054592B
mcs.2.prop1-func-interl.yml,BTOR2,5.544975808s,202305536B
mcs.3.prop1-back-serstep.yml,BTOR2,12.413344021s,271753216B
mcs.3.prop1-func-interl.yml,BTOR2,6.23611818s,255225856B
mcs.4.prop1-back-serstep.yml,BTOR2,8.617073285s,286978048B
mcs.4.prop1-func-interl.yml,BTOR2,10.133726286s,268926976B
mcs.5.prop1-back-serstep.yml,BTOR2,7.162682808s,343973888B
mcs.5.prop1-func-interl.yml,BTOR2,10.6049607s,416636928B
mcs.6.prop1-back-serstep.yml,BTOR2,14.7812127s,331587584B
mcs.6.prop1-func-interl.yml,BTOR2,10.695364949s,281309184B
msmie.1.prop1-back-serstep.yml,BTOR2,9.782541357s,312479744B
msmie.1.prop1-func-interl.yml,BTOR2,8.409128961s,320638976B
msmie.2.prop1-back-serstep.yml,BTOR2,24.241755946s,590024704B
msmie.2.prop1-func-interl.yml,BTOR2,8.827022253s,615948288B
msmie.3.prop1-back-serstep.yml,BTOR2,30.270868015s,751443968B
msmie.3.prop1-func-interl.yml,BTOR2,22.864733947s,775065600B
msmie.4.prop1-back-serstep.yml,BTOR2,64.023398252s,982102016B
msmie.4.prop1-func-interl.yml,BTOR2,53.568187588s,1038381056B
needham.1.prop1-back-serstep.yml,BTOR2,6.826782933s,235245568B
needham.1.prop1-func-interl.yml,BTOR2,9.72971253s,256360448B
needham.1.prop2-back-serstep.yml,BTOR2,7.042455266s,229441536B
needham.1.prop2-func-interl.yml,BTOR2,6.913029449s,234835968B
needham.1.prop3-back-serstep.yml,BTOR2,7.458520953s,242311168B
needham.1.prop3-func-interl.yml,BTOR2,6.584703008s,229666816B
needham.1.prop4-back-serstep.yml,BTOR2,5.858761062s,249364480B
needham.1.prop4-func-interl.yml,BTOR2,5.153170981s,239124480B
needham.2.prop1-back-serstep.yml,BTOR2,10.423374497s,418742272B
needham.2.prop1-func-interl.yml,BTOR2,9.508544089s,374968320B
needham.2.prop2-back-serstep.yml,BTOR2,13.468688358s,351617024B
needham.2.prop2-func-interl.yml,BTOR2,13.635464787s,350883840B
needham.2.prop3-back-serstep.yml,BTOR2,8.110306088s,468377600B
needham.2.prop3-func-interl.yml,BTOR2,8.957943139s,416133120B
needham.2.prop4-back-serstep.yml,BTOR2,14.289692173s,478142464B
needham.2.prop4-func-interl.yml,BTOR2,8.96067087s,423878656B
needham.3.prop1-back-serstep.yml,BTOR2,11.751969524s,317468672B
needham.3.prop1-func-interl.yml,BTOR2,7.931261835s,382943232B
needham.3.prop2-back-serstep.yml,BTOR2,10.901444742s,356597760B
needham.3.prop2-func-interl.yml,BTOR2,10.870548954s,362307584B
needham.3.prop3-back-serstep.yml,BTOR2,18.204504771s,357773312B
needham.3.prop3-func-interl.yml,BTOR2,12.553892414s,389812224B
needham.3.prop4-back-serstep.yml,BTOR2,15.319174035s,377548800B
needham.3.prop4-func-interl.yml,BTOR2,16.441922592s,350035968B
needham.4.prop1-back-serstep.yml,BTOR2,19.635855382s,559472640B
needham.4.prop1-func-interl.yml,BTOR2,9.926312481s,539086848B
needham.4.prop2-back-serstep.yml,BTOR2,11.431518773s,552607744B
needham.4.prop2-func-interl.yml,BTOR2,10.749753719s,492515328B
needham.4.prop3-back-serstep.yml,BTOR2,10.381856241s,524226560B
needham.4.prop3-func-interl.yml,BTOR2,11.879469389s,486002688B
needham.4.prop4-back-serstep.yml,BTOR2,18.969044829s,429318144B
needham.4.prop4-func-interl.yml,BTOR2,11.667369405s,616550400B
peg_solitaire.1.prop1-back-serstep.yml,BTOR2,11.981743907s,231792640B
peg_solitaire.1.prop1-func-interl.yml,BTOR2,8.36011857s,211619840B
peg_solitaire.2.prop1-back-serstep.yml,BTOR2,15.398747341s,789458944B
peg_solitaire.2.prop1-func-interl.yml,BTOR2,12.965119061s,596090880B
peg_solitaire.3.prop1-back-serstep.yml,BTOR2,20.897304551s,1254137856B
peg_solitaire.3.prop1-func-interl.yml,BTOR2,29.432193951s,645636096B
peg_solitaire.4.prop1-back-serstep.yml,BTOR2,6.886578691s,450777088B
peg_solitaire.4.prop1-func-interl.yml,BTOR2,7.165925238s,255533056B
peg_solitaire.5.prop1-back-serstep.yml,BTOR2,26.206282929s,562876416B
peg_solitaire.5.prop1-func-interl.yml,BTOR2,16.646440169s,519700480B
peg_solitaire.6.prop1-back-serstep.yml,BTOR2,16.346877144s,534532096B
peg_solitaire.6.prop1-func-interl.yml,BTOR2,15.686715463s,440406016B
peterson.1.prop1-back-serstep.yml,BTOR2,8.169089502s,191369216B
peterson.1.prop1-func-interl.yml,BTOR2,7.387416013s,203841536B
peterson.2.prop1-back-serstep.yml,BTOR2,4.449338582s,221933568B
peterson.2.prop1-func-interl.yml,BTOR2,6.900307815s,195518464B
peterson.3.prop1-back-serstep.yml,BTOR2,6.071586205s,225599488B
peterson.3.prop1-func-interl.yml,BTOR2,7.198210212s,187031552B
peterson.4.prop1-back-serstep.yml,BTOR2,9.318847667s,204099584B
peterson.4.prop1-func-interl.yml,BTOR2,4.707905448s,205819904B
peterson.5.prop1-back-serstep.yml,BTOR2,5.302422374s,213688320B
peterson.5.prop1-func-interl.yml,BTOR2,8.005133686s,221151232B
peterson.6.prop1-back-serstep.yml,BTOR2,5.425210804s,214200320B
peterson.6.prop1-func-interl.yml,BTOR2,4.749202982s,221650944B
peterson.7.prop1-back-serstep.yml,BTOR2,6.03590021s,307490816B
peterson.7.prop1-func-interl.yml,BTOR2,5.087940228s,255176704B
pgm_protocol.1.prop1-back-serstep.yml,BTOR2,25.190828675s,1170100224B
pgm_protocol.1.prop1-func-interl.yml,BTOR2,21.295488058s,860209152B
pgm_protocol.1.prop2-back-serstep.yml,BTOR2,41.63583451s,769114112B
pgm_protocol.1.prop2-func-interl.yml,BTOR2,17.174903295s,1154826240B
pgm_protocol.1.prop5-back-serstep.yml,BTOR2,24.682770169s,915849216B
pgm_protocol.1.prop5-func-interl.yml,BTOR2,34.543712665s,715943936B
pgm_protocol.1.prop6-back-serstep.yml,BTOR2,42.146989825s,874991616B
pgm_protocol.1.prop6-func-interl.yml,BTOR2,28.615532025s,648314880B
pgm_protocol.2.prop1-back-serstep.yml,BTOR2,20.432210975s,1168412672B
pgm_protocol.2.prop1-func-interl.yml,BTOR2,27.986566593s,726786048B
pgm_protocol.2.prop2-back-serstep.yml,BTOR2,25.086122151s,1057116160B
pgm_protocol.2.prop2-func-interl.yml,BTOR2,18.427493644s,884092928B
pgm_protocol.2.prop5-back-serstep.yml,BTOR2,21.9098368s,1100161024B
pgm_protocol.2.prop5-func-interl.yml,BTOR2,27.825141822s,740986880B
pgm_protocol.2.prop6-back-serstep.yml,BTOR2,44.206741717s,753586176B
pgm_protocol.2.prop6-func-interl.yml,BTOR2,30.902316128s,849379328B
pgm_protocol.3.prop1-back-serstep.yml,BTOR2,41.981134334s,679161856B
pgm_protocol.3.prop1-func-interl.yml,BTOR2,19.553729533s,1068830720B
pgm_protocol.3.prop2-back-serstep.yml,BTOR2,25.607850167s,931889152B
pgm_protocol.3.prop2-func-interl.yml,BTOR2,21.371680013s,1021403136B
pgm_protocol.3.prop5-back-serstep.yml,BTOR2,21.220859378s,1156661248B
pgm_protocol.3.prop5-func-interl.yml,BTOR2,21.876782215s,1037111296B
pgm_protocol.3.prop6-back-serstep.yml,BTOR2,21.453081515s,1160069120B
pgm_protocol.3.prop6-func-interl.yml,BTOR2,19.004867501s,840835072B
pgm_protocol.4.prop1-back-serstep.yml,BTOR2,26.102954611s,857477120B
pgm_protocol.4.prop1-func-interl.yml,BTOR2,21.804023352s,985575424B
pgm_protocol.4.prop2-back-serstep.yml,BTOR2,27.759325785s,1087471616B
pgm_protocol.4.prop2-func-interl.yml,BTOR2,32.968679605s,740179968B
pgm_protocol.4.prop5-back-serstep.yml,BTOR2,41.459113907s,704647168B
pgm_protocol.4.prop5-func-interl.yml,BTOR2,20.781023491s,1020407808B
pgm_protocol.4.prop6-back-serstep.yml,BTOR2,37.932721234s,791457792B
pgm_protocol.4.prop6-func-interl.yml,BTOR2,29.621947636s,656146432B
pgm_protocol.5.prop1-back-serstep.yml,BTOR2,26.654446542s,924368896B
pgm_protocol.5.prop1-func-interl.yml,BTOR2,32.351208503s,784093184B
pgm_protocol.5.prop2-back-serstep.yml,BTOR2,37.585698277s,823193600B
pgm_protocol.5.prop2-func-interl.yml,BTOR2,17.897003751s,1084645376B
pgm_protocol.5.prop5-back-serstep.yml,BTOR2,40.260697549s,791556096B
pgm_protocol.5.prop5-func-interl.yml,BTOR2,35.245852101s,698830848B
pgm_protocol.5.prop6-back-serstep.yml,BTOR2,46.021360093s,854106112B
pgm_protocol.5.prop6-func-interl.yml,BTOR2,21.74360805s,983830528B
pgm_protocol.6.prop1-back-serstep.yml,BTOR2,21.699882365s,1057808384B
pgm_protocol.6.prop1-func-interl.yml,BTOR2,30.749449423s,734433280B
pgm_protocol.6.prop2-back-serstep.yml,BTOR2,22.036394292s,1143840768B
pgm_protocol.6.prop2-func-interl.yml,BTOR2,18.050277629s,1096597504B
pgm_protocol.6.prop5-back-serstep.yml,BTOR2,22.008615553s,1132535808B
pgm_protocol.6.prop5-func-interl.yml,BTOR2,18.010402705s,1019863040B
pgm_protocol.6.prop6-back-serstep.yml,BTOR2,26.549144991s,921341952B
pgm_protocol.6.prop6-func-interl.yml,BTOR2,22.486443347s,771760128B
pgm_protocol.7.prop1-back-serstep.yml,BTOR2,23.682305133s,1011404800B
pgm_protocol.7.prop1-func-interl.yml,BTOR2,30.807579714s,671354880B
pgm_protocol.7.prop2-back-serstep.yml,BTOR2,24.636324353s,918437888B
pgm_protocol.7.prop2-func-interl.yml,BTOR2,20.918299693s,777428992B
pgm_protocol.7.prop5-back-serstep.yml,BTOR2,21.286469693s,1223467008B
pgm_protocol.7.prop5-func-interl.yml,BTOR2,31.219246249s,645812224B
pgm_protocol.7.prop6-back-serstep.yml,BTOR2,39.70444131s,812556288B
pgm_protocol.7.prop6-func-interl.yml,BTOR2,19.830530661s,942870528B
pgm_protocol.8.prop1-back-serstep.yml,BTOR2,44.391872696s,750030848B
pgm_protocol.8.prop1-func-interl.yml,BTOR2,18.507086831s,1085509632B
pgm_protocol.8.prop2-back-serstep.yml,BTOR2,23.086523388s,1222819840B
pgm_protocol.8.prop2-func-interl.yml,BTOR2,31.830389767s,916619264B
pgm_protocol.8.prop5-back-serstep.yml,BTOR2,27.089215582s,1017282560B
pgm_protocol.8.prop5-func-interl.yml,BTOR2,23.898921416s,992030720B
pgm_protocol.8.prop6-back-serstep.yml,BTOR2,21.270621532s,1063698432B
pgm_protocol.8.prop6-func-interl.yml,BTOR2,20.903893393s,846168064B
plc.1.prop2-back-serstep.yml,BTOR2,33.47935283s,1096007680B
plc.1.prop2-func-interl.yml,BTOR2,30.946545935s,615104512B
plc.2.prop2-back-serstep.yml,BTOR2,47.897228377s,1018531840B
plc.2.prop2-func-interl.yml,BTOR2,20.970822471s,988934144B
plc.3.prop2-back-serstep.yml,BTOR2,28.205196303s,1399230464B
plc.3.prop2-func-interl.yml,BTOR2,22.124944018s,1038966784B
plc.4.prop2-back-serstep.yml,BTOR2,28.603479721s,1139544064B
plc.4.prop2-func-interl.yml,BTOR2,18.47853484s,1218670592B
pouring.2.prop1-back-serstep.yml,BTOR2,174.402367117s,1730248704B
production_cell.1.prop1-back-serstep.yml,BTOR2,5.362910339s,190365696B
production_cell.1.prop1-func-interl.yml,BTOR2,6.205227058s,203198464B
production_cell.2.prop1-back-serstep.yml,BTOR2,5.1164006s,206364672B
production_cell.2.prop1-func-interl.yml,BTOR2,4.356735477s,187326464B
production_cell.3.prop1-back-serstep.yml,BTOR2,6.654709541s,236433408B
production_cell.3.prop1-func-interl.yml,BTOR2,6.244950042s,236920832B
production_cell.4.prop1-back-serstep.yml,BTOR2,12.525778052s,251928576B
production_cell.4.prop1-func-interl.yml,BTOR2,9.905712857s,202960896B
production_cell.5.prop1-back-serstep.yml,BTOR2,12.874120403s,342491136B
production_cell.5.prop1-func-interl.yml,BTOR2,9.557251985s,286846976B
production_cell.6.prop1-back-serstep.yml,BTOR2,13.920748474s,332328960B
production_cell.6.prop1-func-interl.yml,BTOR2,7.243295668s,435609600B
protocols.1.prop1-back-serstep.yml,BTOR2,7.107411937s,182652928B
protocols.1.prop1-func-interl.yml,BTOR2,6.420959079s,148078592B
protocols.2.prop1-back-serstep.yml,BTOR2,4.839189513s,152621056B
protocols.2.prop1-func-interl.yml,BTOR2,6.224391622s,148004864B
protocols.3.prop1-back-serstep.yml,BTOR2,8.080731078s,196526080B
protocols.3.prop1-func-interl.yml,BTOR2,4.576420405s,167170048B
protocols.4.prop1-back-serstep.yml,BTOR2,6.892824259s,196673536B
protocols.4.prop1-func-interl.yml,BTOR2,5.141737884s,182063104B
protocols.5.prop1-back-serstep.yml,BTOR2,4.996551337s,220975104B
protocols.5.prop1-func-interl.yml,BTOR2,6.691277759s,155144192B
reader_writer.1.prop1-back-serstep.yml,BTOR2,11.101183163s,276443136B
reader_writer.1.prop1-func-interl.yml,BTOR2,5.683665592s,257671168B
reader_writer.2.prop1-back-serstep.yml,BTOR2,20.477626497s,411754496B
reader_writer.2.prop1-func-interl.yml,BTOR2,11.658972608s,378957824B
reader_writer.3.prop1-back-serstep.yml,BTOR2,18.807013581s,367022080B
reader_writer.3.prop1-func-interl.yml,BTOR2,14.460641189s,419135488B
resistance.1.prop1-back-serstep.yml,BTOR2,8.750589396s,193003520B
resistance.1.prop1-func-interl.yml,BTOR2,4.693763827s,186716160B
resistance.1.prop2-back-serstep.yml,BTOR2,5.478769223s,197464064B
resistance.1.prop2-func-interl.yml,BTOR2,6.983032553s,188993536B
resistance.1.prop3-back-serstep.yml,BTOR2,5.570402622s,196141056B
resistance.1.prop3-func-interl.yml,BTOR2,7.45027238s,186970112B
resistance.2.prop1-back-serstep.yml,BTOR2,5.841652356s,201367552B
resistance.2.prop1-func-interl.yml,BTOR2,7.708481367s,188530688B
resistance.2.prop2-back-serstep.yml,BTOR2,9.123565287s,203223040B
resistance.2.prop2-func-interl.yml,BTOR2,9.553112835s,186834944B
resistance.2.prop3-back-serstep.yml,BTOR2,8.450588995s,212914176B
resistance.2.prop3-func-interl.yml,BTOR2,8.413298293s,204779520B
rether.1.prop1-back-serstep.yml,BTOR2,15.686856765s,278392832B
rether.1.prop1-func-interl.yml,BTOR2,10.142533197s,267509760B
rether.2.prop1-back-serstep.yml,BTOR2,7.711096693s,455782400B
rether.2.prop1-func-interl.yml,BTOR2,8.410940197s,322355200B
rether.3.prop1-back-serstep.yml,BTOR2,11.793294161s,822435840B
rether.3.prop1-func-interl.yml,BTOR2,9.942268311s,617705472B
rether.4.prop1-back-serstep.yml,BTOR2,23.898009412s,601518080B
rether.4.prop1-func-interl.yml,BTOR2,13.068665066s,573530112B
rether.5.prop1-back-serstep.yml,BTOR2,17.004563243s,1042567168B
rether.5.prop1-func-interl.yml,BTOR2,18.635671169s,798863360B
rether.6.prop1-back-serstep.yml,BTOR2,21.300298146s,1095868416B
rether.6.prop1-func-interl.yml,BTOR2,24.800247719s,690139136B
rether.7.prop1-back-serstep.yml,BTOR2,25.847390123s,918872064B
rether.7.prop1-func-interl.yml,BTOR2,27.070449573s,781873152B
rushhour.1.prop1-back-serstep.yml,BTOR2,26.349752113s,1091510272B
rushhour.1.prop1-func-interl.yml,BTOR2,24.012651794s,972918784B
rushhour.2.prop1-back-serstep.yml,BTOR2,32.915769218s,1100148736B
rushhour.2.prop1-func-interl.yml,BTOR2,29.950323368s,1217974272B
rushhour.3.prop1-back-serstep.yml,BTOR2,187.173004112s,1304965120B
rushhour.3.prop1-func-interl.yml,BTOR2,183.245035075s,1473941504B
rushhour.4.prop1-back-serstep.yml,BTOR2,199.760101189s,1215315968B
rushhour.4.prop1-func-interl.yml,BTOR2,111.93396191s,1367953408B
schedule_world.1.prop1-back-serstep.yml,BTOR2,7.548125854s,187756544B
schedule_world.1.prop1-func-interl.yml,BTOR2,7.075438941s,187248640B
schedule_world.2.prop1-back-serstep.yml,BTOR2,7.472675341s,203440128B
schedule_world.2.prop1-func-interl.yml,BTOR2,4.717891437s,246222848B
schedule_world.3.prop1-back-serstep.yml,BTOR2,5.74089833s,292392960B
schedule_world.3.prop1-func-interl.yml,BTOR2,6.155988466s,254476288B
sokoban.1.prop1-back-serstep.yml,BTOR2,15.748113821s,969461760B
sokoban.1.prop1-func-interl.yml,BTOR2,19.855832176s,507142144B
sokoban.2.prop1-back-serstep.yml,BTOR2,26.825407545s,792494080B
sokoban.2.prop1-func-interl.yml,BTOR2,20.919759763s,549380096B
sokoban.3.prop1-back-serstep.yml,BTOR2,107.368757363s,1593962496B
sokoban.3.prop1-func-interl.yml,BTOR2,69.381704019s,1408974848B
synapse.1.prop1-back-serstep.yml,BTOR2,25.532417738s,506171392B
synapse.1.prop1-func-interl.yml,BTOR2,13.50291165s,584175616B
synapse.2.prop1-back-serstep.yml,BTOR2,31.738059401s,562753536B
synapse.2.prop1-func-interl.yml,BTOR2,14.249125918s,612093952B
synapse.3.prop1-back-serstep.yml,BTOR2,15.914663211s,946606080B
synapse.3.prop1-func-interl.yml,BTOR2,23.648644396s,695156736B
synapse.4.prop1-back-serstep.yml,BTOR2,23.155868693s,816619520B
synapse.4.prop1-func-interl.yml,BTOR2,19.887682435s,1020121088B
synapse.5.prop1-back-serstep.yml,BTOR2,17.439380912s,894058496B
synapse.5.prop1-func-interl.yml,BTOR2,27.857546249s,728735744B
synapse.6.prop1-back-serstep.yml,BTOR2,22.847046457s,1070346240B
synapse.6.prop1-func-interl.yml,BTOR2,29.089746861s,927203328B
synapse.7.prop1-back-serstep.yml,BTOR2,21.279375563s,929193984B
synapse.7.prop1-func-interl.yml,BTOR2,18.756026494s,1036869632B
szymanski.1.prop1-back-serstep.yml,BTOR2,10.271746616s,452059136B
szymanski.1.prop1-func-interl.yml,BTOR2,7.590271318s,251314176B
szymanski.2.prop1-back-serstep.yml,BTOR2,12.269503364s,396140544B
szymanski.2.prop1-func-interl.yml,BTOR2,7.798053538s,264228864B
szymanski.3.prop1-back-serstep.yml,BTOR2,12.176206221s,441769984B
szymanski.3.prop1-func-interl.yml,BTOR2,10.121482438s,472924160B
szymanski.4.prop1-back-serstep.yml,BTOR2,20.082970133s,418697216B
szymanski.4.prop1-func-interl.yml,BTOR2,13.952951612s,408436736B
szymanski.5.prop1-back-serstep.yml,BTOR2,28.333345099s,424427520B
szymanski.5.prop1-func-interl.yml,BTOR2,8.387218571s,559325184B
telephony.1.prop1-back-serstep.yml,BTOR2,5.528835328s,283549696B
telephony.1.prop1-func-interl.yml,BTOR2,10.218594453s,255373312B
telephony.2.prop1-back-serstep.yml,BTOR2,7.809989837s,383995904B
telephony.2.prop1-func-interl.yml,BTOR2,13.984507126s,367710208B
telephony.3.prop1-back-serstep.yml,BTOR2,16.751775816s,365690880B
telephony.3.prop1-func-interl.yml,BTOR2,12.704019282s,377085952B
telephony.4.prop1-back-serstep.yml,BTOR2,12.199836716s,494571520B
telephony.4.prop1-func-interl.yml,BTOR2,16.953371772s,439623680B
telephony.5.prop1-back-serstep.yml,BTOR2,15.275824235s,669343744B
telephony.5.prop1-func-interl.yml,BTOR2,9.738205897s,754376704B
telephony.6.prop1-back-serstep.yml,BTOR2,10.798251664s,578838528B
telephony.6.prop1-func-interl.yml,BTOR2,17.335651847s,452440064B
telephony.7.prop1-back-serstep.yml,BTOR2,19.146289663s,494321664B
telephony.7.prop1-func-interl.yml,BTOR2,13.100926933s,434397184B
telephony.8.prop1-back-serstep.yml,BTOR2,26.334693384s,601260032B
telephony.8.prop1-func-interl.yml,BTOR2,19.599597087s,501780480B
train-gate.1.prop1-back-serstep.yml,BTOR2,6.034647869s,232603648B
train-gate.1.prop1-func-interl.yml,BTOR2,8.073902991s,187523072B
train-gate.2.prop1-back-serstep.yml,BTOR2,6.36769168s,262500352B
train-gate.2.prop1-func-interl.yml,BTOR2,9.438084763s,231038976B
train-gate.3.prop1-back-serstep.yml,BTOR2,6.927860464s,287813632B
train-gate.3.prop1-func-interl.yml,BTOR2,6.733650414s,272191488B
train-gate.4.prop1-back-serstep.yml,BTOR2,12.722908193s,402587648B
train-gate.4.prop1-func-interl.yml,BTOR2,7.369456536s,337522688B
train-gate.5.prop1-back-serstep.yml,BTOR2,17.352473203s,384507904B
train-gate.5.prop1-func-interl.yml,BTOR2,9.347846534s,280174592B
train-gate.6.prop1-back-serstep.yml,BTOR2,9.665639783s,304152576B
train-gate.6.prop1-func-interl.yml,BTOR2,14.768024597s,426156032B
train-gate.7.prop1-back-serstep.yml,BTOR2,11.07254232s,413433856B
train-gate.7.prop1-func-interl.yml,BTOR2,7.21176175s,451747840B
count2.yml,BTOR2,4.041723881s,89174016B
count4.yml,BTOR2,2.507085614s,90099712B
factorial4even.yml,BTOR2,3.194251188s,90091520B
recount4.yml,BTOR2,3.713606052s,89673728B
twocount2.yml,BTOR2,3.409444663s,90562560B
twocount32.yml,BTOR2,4.721833011s,91799552B
Huffman_dec.yml,BTOR2,3.53460822s,154877952B
Huffman_enc.yml,BTOR2,3.519542203s,111030272B
stack-p1.yml,BTOR2,12.160676595s,669913088B
stack-p2.yml,BTOR2,19.116196355s,609525760B
adding.1.prop1-back-serstep.yml,C,8.910231283s,215474176B
adding.1.prop1-func-interl.yml,C,6.82182502s,208629760B
adding.2.prop1-back-serstep.yml,C,11.0362579s,198742016B
adding.2.prop1-func-interl.yml,C,6.415357237s,197726208B
adding.3.prop1-back-serstep.yml,C,6.551235062s,254607360B
adding.3.prop1-func-interl.yml,C,7.582915491s,208289792B
adding.4.prop1-back-serstep.yml,C,7.978384832s,218218496B
adding.4.prop1-func-interl.yml,C,14.002408395s,200040448B
adding.5.prop1-back-serstep.yml,C,8.252608386s,201928704B
adding.5.prop1-func-interl.yml,C,6.058018898s,218099712B
adding.6.prop1-back-serstep.yml,C,12.687493804s,198828032B
adding.6.prop1-func-interl.yml,C,7.273268733s,200810496B
anderson.1.prop1-back-serstep.yml,C,15.669661782s,275578880B
anderson.1.prop1-func-interl.yml,C,13.242893664s,316051456B
anderson.2.prop1-back-serstep.yml,C,22.483082787s,373940224B
anderson.2.prop1-func-interl.yml,C,19.250981846s,386088960B
anderson.3.prop1-back-serstep.yml,C,21.482111493s,375443456B
anderson.3.prop1-func-interl.yml,C,14.106237173s,426545152B
anderson.4.prop1-back-serstep.yml,C,15.671114586s,564457472B
anderson.4.prop1-func-interl.yml,C,18.881320537s,531017728B
anderson.5.prop1-back-serstep.yml,C,59.84741628s,557002752B
anderson.5.prop1-func-interl.yml,C,20.513038884s,668459008B
anderson.6.prop1-back-serstep.yml,C,51.747410877s,1053921280B
anderson.6.prop1-func-interl.yml,C,47.25546399s,513011712B
anderson.7.prop1-back-serstep.yml,C,50.799723923s,763576320B
anderson.7.prop1-func-interl.yml,C,46.845039095s,607514624B
anderson.8.prop1-back-serstep.yml,C,89.856939654s,1146286080B
anderson.8.prop1-func-interl.yml,C,30.485494804s,1020821504B
at.1.prop1-back-serstep.yml,C,41.503094247s,637059072B
at.1.prop1-func-interl.yml,C,32.936586178s,701329408B
at.2.prop1-back-serstep.yml,C,51.580792969s,485298176B
at.2.prop1-func-interl.yml,C,22.00834256s,789585920B
at.3.prop1-back-serstep.yml,C,70.229014447s,1167785984B
at.3.prop1-func-interl.yml,C,49.078535175s,736845824B
at.4.prop1-back-serstep.yml,C,39.870431742s,1072451584B
at.4.prop1-func-interl.yml,C,70.956174126s,1226838016B
at.5.prop1-back-serstep.yml,C,43.737879309s,1424416768B
at.5.prop1-func-interl.yml,C,74.809384378s,1257545728B
at.6.prop1-back-serstep.yml,C,34.496173368s,1468502016B
at.6.prop1-func-interl.yml,C,35.352531202s,1068281856B
at.7.prop1-back-serstep.yml,C,151.4117104s,1134272512B
at.7.prop1-func-interl.yml,C,86.756359623s,1725177856B
bakery.1.prop1-back-serstep.yml,C,20.081862083s,318705664B
bakery.1.prop1-func-interl.yml,C,18.031141238s,305926144B
bakery.2.prop1-back-serstep.yml,C,13.691954013s,310120448B
bakery.2.prop1-func-interl.yml,C,11.012515566s,298291200B
bakery.3.prop1-back-serstep.yml,C,28.643863614s,414978048B
bakery.3.prop1-func-interl.yml,C,22.09310597s,441221120B
bakery.4.prop1-back-serstep.yml,C,18.901700087s,472854528B
bakery.4.prop1-func-interl.yml,C,15.036893129s,449835008B
bakery.5.prop1-back-serstep.yml,C,47.8344546s,656756736B
bakery.5.prop1-func-interl.yml,C,19.038904149s,496537600B
bakery.6.prop1-back-serstep.yml,C,36.121383426s,595267584B
bakery.6.prop1-func-interl.yml,C,18.930284291s,547471360B
bakery.7.prop1-back-serstep.yml,C,44.632243068s,637657088B
bakery.7.prop1-func-interl.yml,C,16.761122426s,502345728B
bakery.8.prop1-back-serstep.yml,C,80.992180513s,642949120B
bakery.8.prop1-func-interl.yml,C,34.570394008s,470155264B
blocks.2.prop1-back-serstep.yml,C,40.886759274s,854224896B
blocks.2.prop1-func-interl.yml,C,25.740847504s,558444544B
blocks.3.prop1-back-serstep.yml,C,49.838937337s,2452185088B
blocks.3.prop1-func-interl.yml,C,29.340549235s,1003503616B
blocks.4.prop1-back-serstep.yml,C,145.053466647s,5805969408B
blocks.4.prop1-func-interl.yml,C,42.488598301s,1204473856B
bridge.1.prop1-back-serstep.yml,C,24.284091611s,655794176B
bridge.1.prop1-func-interl.yml,C,21.167762307s,722366464B
bridge.2.prop1-back-serstep.yml,C,100.25638966s,1405980672B
bridge.2.prop1-func-interl.yml,C,69.441376837s,980713472B
bridge.3.prop1-back-serstep.yml,C,70.752718777s,1166082048B
bridge.3.prop1-func-interl.yml,C,85.163650935s,714330112B
brp.1.prop1-back-serstep.yml,C,33.3950488s,507592704B
brp.1.prop1-func-interl.yml,C,16.802923339s,592363520B
brp.2.prop1-back-serstep.yml,C,19.904887066s,872058880B
brp.2.prop1-func-interl.yml,C,31.761396661s,595460096B
brp.3.prop1-back-serstep.yml,C,38.656787731s,721465344B
brp.3.prop1-func-interl.yml,C,19.133334178s,745328640B
brp.4.prop1-back-serstep.yml,C,46.320303601s,573042688B
brp.4.prop1-func-interl.yml,C,29.270266611s,738680832B
brp.5.prop1-back-serstep.yml,C,40.324176899s,744464384B
brp.5.prop1-func-interl.yml,C,53.684416475s,799666176B
brp.6.prop1-back-serstep.yml,C,60.521544592s,733421568B
brp.6.prop1-func-interl.yml,C,31.53683109s,976846848B
brp2.1.prop1-back-serstep.yml,C,48.870849639s,717131776B
brp2.1.prop1-func-interl.yml,C,31.782807984s,532221952B
brp2.1.prop2-back-serstep.yml,C,53.109039047s,752844800B
brp2.1.prop2-func-interl.yml,C,53.714855687s,688463872B
brp2.1.prop3-back-serstep.yml,C,32.445979254s,870477824B
brp2.1.prop3-func-interl.yml,C,19.285094449s,635723776B
brp2.2.prop1-back-serstep.yml,C,53.445976358s,740220928B
brp2.2.prop1-func-interl.yml,C,30.05234608s,704802816B
brp2.2.prop2-back-serstep.yml,C,50.207910356s,607952896B
brp2.2.prop2-func-interl.yml,C,27.116623142s,600887296B
brp2.2.prop3-back-serstep.yml,C,45.923501161s,981422080B
brp2.2.prop3-func-interl.yml,C,18.463223696s,590635008B
brp2.3.prop1-back-serstep.yml,C,23.508280499s,706846720B
brp2.3.prop1-func-interl.yml,C,22.783917501s,662523904B
brp2.3.prop2-back-serstep.yml,C,46.109351751s,803905536B
brp2.3.prop2-func-interl.yml,C,23.845381069s,582823936B
brp2.3.prop3-back-serstep.yml,C,53.234024692s,922513408B
brp2.3.prop3-func-interl.yml,C,15.908019779s,525230080B
brp2.4.prop1-back-serstep.yml,C,37.353858917s,717533184B
brp2.4.prop1-func-interl.yml,C,34.302229467s,694022144B
brp2.4.prop2-back-serstep.yml,C,65.672952164s,625377280B
brp2.4.prop2-func-interl.yml,C,23.214097906s,786640896B
brp2.4.prop3-back-serstep.yml,C,42.335347616s,660430848B
brp2.4.prop3-func-interl.yml,C,20.587665994s,529866752B
brp2.5.prop1-back-serstep.yml,C,32.454323523s,684331008B
brp2.5.prop1-func-interl.yml,C,23.657889524s,593100800B
brp2.5.prop2-back-serstep.yml,C,34.235166983s,817852416B
brp2.5.prop2-func-interl.yml,C,24.729633088s,660074496B
brp2.5.prop3-back-serstep.yml,C,69.115058635s,994304000B
brp2.5.prop3-func-interl.yml,C,22.342923517s,533262336B
brp2.6.prop1-back-serstep.yml,C,28.964210722s,1068322816B
brp2.6.prop1-func-interl.yml,C,19.210516536s,599375872B
brp2.6.prop2-back-serstep.yml,C,43.48257737s,742690816B
brp2.6.prop2-func-interl.yml,C,31.063870111s,466714624B
brp2.6.prop3-back-serstep.yml,C,24.902918038s,1005629440B
brp2.6.prop3-func-interl.yml,C,22.828182475s,557948928B
cambridge.1.prop1-back-serstep.yml,C,72.831950728s,1802637312B
cambridge.1.prop1-func-interl.yml,C,82.768517362s,838578176B
cambridge.1.prop2-back-serstep.yml,C,56.947935931s,2200563712B
cambridge.1.prop2-func-interl.yml,C,30.474492252s,1090850816B
cambridge.2.prop1-back-serstep.yml,C,91.889290791s,1969975296B
cambridge.2.prop1-func-interl.yml,C,50.876835791s,641064960B
cambridge.2.prop2-back-serstep.yml,C,75.498743615s,2221072384B
cambridge.2.prop2-func-interl.yml,C,73.202743219s,930914304B
cambridge.3.prop1-back-serstep.yml,C,105.216985896s,1785815040B
cambridge.3.prop1-func-interl.yml,C,92.208129196s,778645504B
cambridge.3.prop2-back-serstep.yml,C,200.435497363s,2703331328B
cambridge.3.prop2-func-interl.yml,C,85.531969865s,1216499712B
cambridge.4.prop1-back-serstep.yml,C,179.632429646s,1499344896B
cambridge.4.prop1-func-interl.yml,C,46.161739605s,857485312B
cambridge.4.prop2-back-serstep.yml,C,60.292889228s,1363324928B
cambridge.4.prop2-func-interl.yml,C,41.427914655s,1128439808B
cambridge.5.prop1-func-interl.yml,C,135.020529354s,1243570176B
cambridge.5.prop2-back-serstep.yml,C,255.03211554s,4335796224B
cambridge.5.prop2-func-interl.yml,C,75.090632957s,1228746752B
cambridge.6.prop1-back-serstep.yml,C,136.074724892s,6718468096B
cambridge.6.prop1-func-interl.yml,C,102.952743906s,1478045696B
cambridge.6.prop2-func-interl.yml,C,149.664553704s,2453381120B
cambridge.7.prop1-back-serstep.yml,C,262.473281306s,9259032576B
cambridge.7.prop2-func-interl.yml,C,273.234371776s,2129944576B
collision.1.prop1-back-serstep.yml,C,21.983245002s,462311424B
collision.1.prop1-func-interl.yml,C,27.394055107s,495546368B
collision.2.prop1-back-serstep.yml,C,21.763870327s,577429504B
collision.2.prop1-func-interl.yml,C,31.344623654s,431099904B
collision.3.prop1-back-serstep.yml,C,24.787403095s,616333312B
collision.3.prop1-func-interl.yml,C,23.91606191s,583692288B
collision.4.prop1-back-serstep.yml,C,31.379038993s,958144512B
collision.4.prop1-func-interl.yml,C,36.783654125s,683122688B
collision.5.prop1-back-serstep.yml,C,30.462210522s,1194168320B
collision.5.prop1-func-interl.yml,C,30.619398471s,857497600B
collision.6.prop1-back-serstep.yml,C,46.821476292s,813002752B
collision.6.prop1-func-interl.yml,C,31.793589391s,1293783040B
cyclic_scheduler.1.prop1-back-serstep.yml,C,35.834308372s,1085399040B
cyclic_scheduler.1.prop1-func-interl.yml,C,33.278086874s,943910912B
cyclic_scheduler.2.prop1-back-serstep.yml,C,18.678891927s,763334656B
cyclic_scheduler.2.prop1-func-interl.yml,C,29.59232559s,482742272B
cyclic_scheduler.3.prop1-back-serstep.yml,C,231.561465967s,1042788352B
cyclic_scheduler.3.prop1-func-interl.yml,C,46.001633806s,1490763776B
cyclic_scheduler.4.prop1-back-serstep.yml,C,81.930694351s,984645632B
cyclic_scheduler.4.prop1-func-interl.yml,C,37.965731817s,858124288B
driving_phils.1.prop1-back-serstep.yml,C,63.513997756s,887648256B
driving_phils.1.prop1-func-interl.yml,C,19.013890845s,683438080B
driving_phils.2.prop1-back-serstep.yml,C,33.969703599s,1066418176B
driving_phils.2.prop1-func-interl.yml,C,31.330450789s,549150720B
driving_phils.3.prop1-back-serstep.yml,C,110.669655733s,1626718208B
driving_phils.3.prop1-func-interl.yml,C,52.08532616s,1178939392B
driving_phils.4.prop1-back-serstep.yml,C,51.367537637s,1868980224B
driving_phils.4.prop1-func-interl.yml,C,51.231843106s,746651648B
driving_phils.5.prop1-back-serstep.yml,C,65.509426732s,1191665664B
driving_phils.5.prop1-func-interl.yml,C,60.019587423s,613617664B
elevator.1.prop1-back-serstep.yml,C,20.392815128s,645988352B
elevator.1.prop1-func-interl.yml,C,35.138636204s,629223424B
elevator.2.prop1-back-serstep.yml,C,22.338749709s,535666688B
elevator.2.prop1-func-interl.yml,C,15.780971757s,489967616B
elevator.3.prop1-back-serstep.yml,C,37.873012109s,1048092672B
elevator.3.prop1-func-interl.yml,C,27.874066676s,892678144B
elevator.4.prop1-back-serstep.yml,C,59.073315247s,762679296B
elevator.4.prop1-func-interl.yml,C,27.849280051s,754892800B
elevator.5.prop1-back-serstep.yml,C,123.24576011s,1189449728B
elevator.5.prop1-func-interl.yml,C,63.757231639s,1215766528B
elevator_planning.1.prop1-back-serstep.yml,C,14.621293213s,498671616B
elevator_planning.1.prop1-func-interl.yml,C,21.096197544s,331390976B
elevator_planning.2.prop1-back-serstep.yml,C,32.829322396s,656367616B
elevator_planning.2.prop1-func-interl.yml,C,18.444848275s,542236672B
elevator_planning.3.prop1-back-serstep.yml,C,20.628141304s,383762432B
elevator_planning.3.prop1-func-interl.yml,C,18.028851051s,328126464B
exit.1.prop1-back-serstep.yml,C,40.406497125s,555433984B
exit.1.prop1-func-interl.yml,C,33.23480334s,444461056B
exit.2.prop1-back-serstep.yml,C,95.181667129s,1660846080B
exit.2.prop1-func-interl.yml,C,94.956987273s,1091461120B
exit.3.prop1-back-serstep.yml,C,95.118690398s,2703257600B
exit.3.prop1-func-interl.yml,C,33.475545596s,1163997184B
exit.4.prop1-back-serstep.yml,C,116.094127907s,1405517824B
exit.4.prop1-func-interl.yml,C,34.711386859s,1209937920B
exit.5.prop1-back-serstep.yml,C,206.20749905s,5657149440B
exit.5.prop1-func-interl.yml,C,69.633355447s,1582059520B
extinction.1.prop1-back-serstep.yml,C,233.187458964s,3493117952B
extinction.1.prop1-func-interl.yml,C,55.363646091s,1523089408B
extinction.2.prop1-func-interl.yml,C,146.566881905s,1103478784B
extinction.3.prop1-back-serstep.yml,C,244.633667014s,6082396160B
extinction.3.prop1-func-interl.yml,C,117.659512689s,1162522624B
fischer.1.prop1-back-serstep.yml,C,16.692625261s,291094528B
fischer.1.prop1-func-interl.yml,C,18.111813409s,322543616B
fischer.2.prop1-back-serstep.yml,C,16.039572962s,424787968B
fischer.2.prop1-func-interl.yml,C,23.420285593s,350572544B
fischer.3.prop1-back-serstep.yml,C,35.673523612s,372264960B
fischer.3.prop1-func-interl.yml,C,22.857652542s,551870464B
fischer.4.prop1-back-serstep.yml,C,19.918865715s,621830144B
fischer.4.prop1-func-interl.yml,C,29.818356829s,695304192B
fischer.5.prop1-back-serstep.yml,C,22.282488031s,866164736B
fischer.5.prop1-func-interl.yml,C,18.682746286s,787128320B
fischer.6.prop1-back-serstep.yml,C,45.600065819s,921735168B
fischer.6.prop1-func-interl.yml,C,25.350896374s,763158528B
fischer.7.prop1-back-serstep.yml,C,22.528915612s,797929472B
fischer.7.prop1-func-interl.yml,C,26.463729868s,840069120B
frogs.1.prop1-back-serstep.yml,C,60.98192271s,5210656768B
frogs.1.prop1-func-interl.yml,C,35.99299523s,1355501568B
frogs.2.prop1-back-serstep.yml,C,49.285145543s,2555588608B
frogs.2.prop1-func-interl.yml,C,51.162845932s,1064681472B
frogs.3.prop1-back-serstep.yml,C,114.309146052s,9020129280B
frogs.3.prop1-func-interl.yml,C,70.518300925s,6847451136B
frogs.4.prop1-back-serstep.yml,C,80.253523562s,7365111808B
frogs.4.prop1-func-interl.yml,C,85.690911728s,5432520704B
frogs.5.prop1-back-serstep.yml,C,129.694701774s,8409550848B
frogs.5.prop1-func-interl.yml,C,136.563996722s,7230111744B
gear.1.prop1-back-serstep.yml,C,115.233074184s,893771776B
gear.1.prop1-func-interl.yml,C,37.771818578s,1030737920B
gear.1.prop2-back-serstep.yml,C,38.160804698s,956940288B
gear.1.prop2-func-interl.yml,C,61.794352796s,900177920B
gear.1.prop3-back-serstep.yml,C,84.175441047s,733540352B
gear.1.prop3-func-interl.yml,C,27.095780356s,1077768192B
gear.1.prop4-back-serstep.yml,C,87.143606179s,1135181824B
gear.1.prop4-func-interl.yml,C,36.682486846s,957661184B
gear.2.prop1-back-serstep.yml,C,31.091068518s,1211842560B
gear.2.prop1-func-interl.yml,C,92.643435823s,923582464B
gear.2.prop2-back-serstep.yml,C,32.815300024s,1115648000B
gear.2.prop2-func-interl.yml,C,30.384275555s,1125634048B
gear.2.prop3-back-serstep.yml,C,36.845057687s,934395904B
gear.2.prop3-func-interl.yml,C,48.453240337s,917934080B
gear.2.prop4-back-serstep.yml,C,39.789040427s,765145088B
gear.2.prop4-func-interl.yml,C,36.007928502s,1007775744B
hanoi.1.prop1-back-serstep.yml,C,38.145624565s,605622272B
hanoi.1.prop1-func-interl.yml,C,18.886930137s,463384576B
hanoi.2.prop1-back-serstep.yml,C,47.197934596s,1598169088B
hanoi.2.prop1-func-interl.yml,C,30.219719846s,583643136B
hanoi.3.prop1-back-serstep.yml,C,54.416521016s,2278576128B
hanoi.3.prop1-func-interl.yml,C,22.938393217s,572104704B
hanoi.4.prop1-back-serstep.yml,C,113.701869309s,5524041728B
hanoi.4.prop1-func-interl.yml,C,39.337499084s,1036255232B
iprotocol.1.prop1-back-serstep.yml,C,35.117461163s,704266240B
iprotocol.1.prop1-func-interl.yml,C,34.788528223s,416264192B
iprotocol.2.prop1-back-serstep.yml,C,35.200572396s,728801280B
iprotocol.2.prop1-func-interl.yml,C,42.86426104s,496128000B
iprotocol.3.prop1-back-serstep.yml,C,71.57177287s,597307392B
iprotocol.3.prop1-func-interl.yml,C,37.819524199s,662106112B
iprotocol.4.prop1-back-serstep.yml,C,53.133823853s,612003840B
iprotocol.4.prop1-func-interl.yml,C,25.751539709s,738947072B
iprotocol.5.prop1-back-serstep.yml,C,60.37355545s,985620480B
iprotocol.5.prop1-func-interl.yml,C,33.729679839s,754995200B
iprotocol.6.prop1-back-serstep.yml,C,23.801296024s,850653184B
iprotocol.6.prop1-func-interl.yml,C,20.467507035s,682266624B
iprotocol.7.prop1-back-serstep.yml,C,38.338654114s,942297088B
iprotocol.7.prop1-func-interl.yml,C,25.805878122s,920858624B
krebs.1.prop1-back-serstep.yml,C,17.655354269s,406257664B
krebs.1.prop1-func-interl.yml,C,17.268525117s,292175872B
krebs.2.prop1-back-serstep.yml,C,18.088167732s,550842368B
krebs.2.prop1-func-interl.yml,C,13.671808679s,388268032B
krebs.3.prop1-back-serstep.yml,C,26.797766994s,557789184B
krebs.3.prop1-func-interl.yml,C,11.879577045s,414932992B
krebs.4.prop1-back-serstep.yml,C,45.17282818s,553627648B
krebs.4.prop1-func-interl.yml,C,28.401038894s,464023552B
lamport.1.prop1-back-serstep.yml,C,34.139070033s,485076992B
lamport.1.prop1-func-interl.yml,C,32.570407227s,469323776B
lamport.2.prop1-back-serstep.yml,C,23.612969184s,737632256B
lamport.2.prop1-func-interl.yml,C,31.682290309s,459001856B
lamport.3.prop1-back-serstep.yml,C,31.650196693s,617320448B
lamport.3.prop1-func-interl.yml,C,30.178203676s,477110272B
lamport.5.prop1-back-serstep.yml,C,28.775994481s,766111744B
lamport.5.prop1-func-interl.yml,C,26.855189447s,885587968B
lamport.6.prop1-back-serstep.yml,C,26.323980684s,786780160B
lamport.6.prop1-func-interl.yml,C,30.276826586s,829571072B
lamport.7.prop1-back-serstep.yml,C,42.65415904s,1373786112B
lamport.7.prop1-func-interl.yml,C,43.870810186s,1038184448B
lamport.8.prop1-back-serstep.yml,C,39.091534484s,819286016B
lamport.8.prop1-func-interl.yml,C,66.8228972s,875974656B
lamport_nonatomic.1.prop1-back-serstep.yml,C,106.394907139s,1259433984B
lamport_nonatomic.1.prop1-func-interl.yml,C,128.583238846s,1158000640B
lamport_nonatomic.2.prop1-back-serstep.yml,C,257.072633316s,1227141120B
lamport_nonatomic.2.prop1-func-interl.yml,C,109.176163752s,1542615040B
lamport_nonatomic.3.prop1-back-serstep.yml,C,67.589890432s,1674084352B
lamport_nonatomic.3.prop1-func-interl.yml,C,101.343002108s,1352019968B
lamport_nonatomic.4.prop1-back-serstep.yml,C,191.412423664s,2297319424B
lamport_nonatomic.4.prop1-func-interl.yml,C,154.144010991s,1957732352B
lann.1.prop1-back-serstep.yml,C,27.437120352s,441618432B
lann.1.prop1-func-interl.yml,C,28.485816782s,407339008B
lann.2.prop1-back-serstep.yml,C,36.073443536s,506675200B
lann.2.prop1-func-interl.yml,C,32.554604186s,500068352B
lann.3.prop1-back-serstep.yml,C,33.920772494s,442556416B
lann.3.prop1-func-interl.yml,C,30.638779806s,434216960B
lann.4.prop1-back-serstep.yml,C,27.768947389s,944406528B
lann.4.prop1-func-interl.yml,C,46.473920942s,598310912B
lann.5.prop1-back-serstep.yml,C,54.039352387s,867901440B
lann.5.prop1-func-interl.yml,C,64.744855842s,563232768B
lann.6.prop1-back-serstep.yml,C,21.62778243s,587403264B
lann.6.prop1-func-interl.yml,C,31.208406869s,439635968B
lann.7.prop1-back-serstep.yml,C,42.575555056s,591908864B
lann.7.prop1-func-interl.yml,C,33.92614842s,754900992B
lann.8.prop1-back-serstep.yml,C,50.550746322s,673296384B
lann.8.prop1-func-interl.yml,C,48.144033522s,878235648B
leader_election.1.prop1-func-interl.yml,C,253.410200928s,3092701184B
leader_election.2.prop1-back-serstep.yml,C,215.257171115s,9242435584B
leader_election.2.prop1-func-interl.yml,C,207.095897964s,3294502912B
leader_filters.1.prop1-back-serstep.yml,C,25.075955777s,919003136B
leader_filters.1.prop1-func-interl.yml,C,32.525385064s,603168768B
leader_filters.2.prop1-back-serstep.yml,C,60.960894993s,488865792B
leader_filters.2.prop1-func-interl.yml,C,34.057817391s,541958144B
leader_filters.3.prop1-back-serstep.yml,C,32.521139766s,725651456B
leader_filters.3.prop1-func-interl.yml,C,44.56626816s,765906944B
leader_filters.4.prop1-back-serstep.yml,C,34.790499497s,1015586816B
leader_filters.4.prop1-func-interl.yml,C,44.110068143s,988012544B
leader_filters.5.prop1-back-serstep.yml,C,97.633162396s,1148735488B
leader_filters.5.prop1-func-interl.yml,C,99.189524228s,1011134464B
leader_filters.6.prop1-back-serstep.yml,C,100.870828247s,817172480B
leader_filters.6.prop1-func-interl.yml,C,95.546217167s,769970176B
leader_filters.7.prop1-back-serstep.yml,C,65.534274731s,1673453568B
leader_filters.7.prop1-func-interl.yml,C,154.04927661s,1022877696B
lifts.1.prop1-back-serstep.yml,C,295.130015263s,5106528256B
lifts.1.prop1-func-interl.yml,C,226.037990171s,1168629760B
lifts.2.prop1-func-interl.yml,C,80.577388098s,1585119232B
lifts.5.prop1-func-interl.yml,C,150.331176636s,2243424256B
loyd.1.prop1-back-serstep.yml,C,9.972540873s,307691520B
loyd.1.prop1-func-interl.yml,C,17.15958078s,321929216B
loyd.2.prop1-back-serstep.yml,C,11.623805154s,470138880B
loyd.2.prop1-func-interl.yml,C,11.449194919s,356233216B
loyd.3.prop1-back-serstep.yml,C,15.839662303s,538083328B
loyd.3.prop1-func-interl.yml,C,12.817017653s,436764672B
lup.1.prop1-back-serstep.yml,C,39.804670053s,776769536B
lup.1.prop1-func-interl.yml,C,18.605799229s,740147200B
lup.2.prop1-back-serstep.yml,C,62.183414059s,2581786624B
lup.2.prop1-func-interl.yml,C,48.676092437s,1605378048B
lup.3.prop1-back-serstep.yml,C,127.304527362s,5254680576B
lup.3.prop1-func-interl.yml,C,70.290357352s,1301819392B
lup.4.prop1-back-serstep.yml,C,98.602667614s,5542330368B
lup.4.prop1-func-interl.yml,C,131.910604332s,1247604736B
mcs.1.prop1-back-serstep.yml,C,42.659635752s,530829312B
mcs.1.prop1-func-interl.yml,C,20.719146517s,637804544B
mcs.2.prop1-back-serstep.yml,C,24.139272546s,709140480B
mcs.2.prop1-func-interl.yml,C,30.763012921s,544960512B
mcs.3.prop1-back-serstep.yml,C,26.41319686s,914530304B
mcs.3.prop1-func-interl.yml,C,23.677328235s,824025088B
mcs.4.prop1-back-serstep.yml,C,53.425598777s,724185088B
mcs.4.prop1-func-interl.yml,C,21.47074223s,932941824B
mcs.5.prop1-back-serstep.yml,C,92.271692309s,1252880384B
mcs.5.prop1-func-interl.yml,C,56.638882689s,1210109952B
mcs.6.prop1-back-serstep.yml,C,77.360353251s,1079480320B
mcs.6.prop1-func-interl.yml,C,35.622038088s,952856576B
msmie.1.prop1-back-serstep.yml,C,67.562770993s,696406016B
msmie.1.prop1-func-interl.yml,C,38.159852854s,763863040B
msmie.2.prop1-func-interl.yml,C,286.616661139s,1141092352B
needham.1.prop1-back-serstep.yml,C,23.121149111s,892325888B
needham.1.prop1-func-interl.yml,C,35.336367857s,785141760B
needham.1.prop2-back-serstep.yml,C,24.74443056s,715546624B
needham.1.prop2-func-interl.yml,C,24.74740026s,771903488B
needham.1.prop3-back-serstep.yml,C,37.194610792s,522895360B
needham.1.prop3-func-interl.yml,C,40.080353245s,603119616B
needham.1.prop4-back-serstep.yml,C,35.493742623s,880340992B
needham.1.prop4-func-interl.yml,C,37.859816712s,471367680B
needham.2.prop1-back-serstep.yml,C,61.065422286s,1411809280B
needham.2.prop1-func-interl.yml,C,50.457507989s,1397428224B
needham.2.prop2-back-serstep.yml,C,75.596962543s,897155072B
needham.2.prop2-func-interl.yml,C,47.11094654s,1188360192B
needham.2.prop3-back-serstep.yml,C,49.938389529s,1492328448B
needham.2.prop3-func-interl.yml,C,100.822701851s,827777024B
needham.2.prop4-back-serstep.yml,C,94.306489765s,1366380544B
needham.2.prop4-func-interl.yml,C,47.849303394s,924573696B
needham.3.prop1-back-serstep.yml,C,153.363143458s,927227904B
needham.3.prop1-func-interl.yml,C,176.45335201s,989274112B
needham.3.prop2-back-serstep.yml,C,129.608383621s,914399232B
needham.3.prop2-func-interl.yml,C,98.060123282s,1020293120B
needham.3.prop3-back-serstep.yml,C,173.769841399s,1500712960B
needham.3.prop3-func-interl.yml,C,119.830570622s,1351335936B
needham.3.prop4-back-serstep.yml,C,148.965767049s,1674969088B
needham.3.prop4-func-interl.yml,C,59.973017814s,1243287552B
needham.4.prop1-back-serstep.yml,C,284.05217091s,1079676928B
needham.4.prop1-func-interl.yml,C,101.926385067s,1453035520B
needham.4.prop2-back-serstep.yml,C,92.378242808s,2255130624B
needham.4.prop2-func-interl.yml,C,133.756619647s,2446553088B
needham.4.prop3-back-serstep.yml,C,256.794882285s,2022670336B
needham.4.prop3-func-interl.yml,C,296.651630558s,2182414336B
needham.4.prop4-back-serstep.yml,C,233.566014312s,1890713600B
needham.4.prop4-func-interl.yml,C,207.501833062s,1465810944B
peg_solitaire.1.prop1-back-serstep.yml,C,29.153606485s,1017036800B
peg_solitaire.1.prop1-func-interl.yml,C,19.12109969s,700825600B
peg_solitaire.2.prop1-back-serstep.yml,C,229.98792455s,8491667456B
peg_solitaire.2.prop1-func-interl.yml,C,205.317616004s,5817671680B
peg_solitaire.3.prop1-func-interl.yml,C,270.096212252s,10565120000B
peg_solitaire.4.prop1-back-serstep.yml,C,45.054212542s,1248591872B
peg_solitaire.4.prop1-func-interl.yml,C,42.037863176s,674246656B
peg_solitaire.5.prop1-back-serstep.yml,C,187.541334131s,8144670720B
peg_solitaire.5.prop1-func-interl.yml,C,182.483934574s,4407246848B
peg_solitaire.6.prop1-back-serstep.yml,C,277.002080226s,6324695040B
peg_solitaire.6.prop1-func-interl.yml,C,57.634528026s,1509453824B
peterson.1.prop1-back-serstep.yml,C,13.052427419s,468717568B
peterson.1.prop1-func-interl.yml,C,24.622246839s,399159296B
peterson.2.prop1-back-serstep.yml,C,26.423749568s,503754752B
peterson.2.prop1-func-interl.yml,C,11.740435951s,443215872B
peterson.3.prop1-back-serstep.yml,C,25.837021537s,426655744B
peterson.3.prop1-func-interl.yml,C,22.268143207s,350916608B
peterson.4.prop1-back-serstep.yml,C,29.447069561s,527880192B
peterson.4.prop1-func-interl.yml,C,40.932153874s,502059008B
peterson.5.prop1-back-serstep.yml,C,31.623703626s,523960320B
peterson.5.prop1-func-interl.yml,C,27.399036341s,429420544B
peterson.6.prop1-back-serstep.yml,C,20.574104752s,594784256B
peterson.6.prop1-func-interl.yml,C,25.713166881s,552742912B
peterson.7.prop1-back-serstep.yml,C,24.703027178s,713592832B
peterson.7.prop1-func-interl.yml,C,53.115454285s,742690816B
pgm_protocol.6.prop6-func-interl.yml,C,211.768234186s,3421687808B
plc.3.prop2-func-interl.yml,C,285.21663038s,6644301824B
production_cell.1.prop1-back-serstep.yml,C,21.858218095s,639336448B
production_cell.1.prop1-func-interl.yml,C,27.079226219s,434864128B
production_cell.2.prop1-back-serstep.yml,C,17.425594198s,547299328B
production_cell.2.prop1-func-interl.yml,C,26.576116694s,476749824B
production_cell.3.prop1-back-serstep.yml,C,70.81709609s,802041856B
production_cell.3.prop1-func-interl.yml,C,28.39164391s,561295360B
production_cell.4.prop1-back-serstep.yml,C,43.957959917s,697487360B
production_cell.4.prop1-func-interl.yml,C,18.97994579s,721027072B
production_cell.5.prop1-back-serstep.yml,C,39.402194007s,819875840B
production_cell.5.prop1-func-interl.yml,C,55.856647475s,873005056B
production_cell.6.prop1-back-serstep.yml,C,60.218242034s,1418145792B
production_cell.6.prop1-func-interl.yml,C,88.164580316s,673730560B
protocols.1.prop1-back-serstep.yml,C,12.713857705s,324845568B
protocols.1.prop1-func-interl.yml,C,8.715491523s,313421824B
protocols.2.prop1-back-serstep.yml,C,27.113025484s,359686144B
protocols.2.prop1-func-interl.yml,C,12.32276072s,297934848B
protocols.3.prop1-back-serstep.yml,C,13.84856232s,461127680B
protocols.3.prop1-func-interl.yml,C,18.085241671s,385462272B
protocols.4.prop1-back-serstep.yml,C,23.569743872s,345554944B
protocols.4.prop1-func-interl.yml,C,22.390883249s,402718720B
protocols.5.prop1-back-serstep.yml,C,16.398003903s,436957184B
protocols.5.prop1-func-interl.yml,C,11.267755657s,351936512B
reader_writer.1.prop1-back-serstep.yml,C,28.57706455s,846401536B
reader_writer.1.prop1-func-interl.yml,C,39.208278067s,855277568B
reader_writer.2.prop1-back-serstep.yml,C,97.244285806s,712491008B
reader_writer.2.prop1-func-interl.yml,C,37.987892532s,1059074048B
reader_writer.3.prop1-back-serstep.yml,C,219.452122948s,1124052992B
reader_writer.3.prop1-func-interl.yml,C,71.896221549s,1360228352B
resistance.1.prop1-back-serstep.yml,C,12.729445376s,441847808B
resistance.1.prop1-func-interl.yml,C,24.387555456s,393744384B
resistance.1.prop2-back-serstep.yml,C,23.901208493s,452202496B
resistance.1.prop2-func-interl.yml,C,20.417593575s,398012416B
resistance.1.prop3-back-serstep.yml,C,31.902233143s,469868544B
resistance.1.prop3-func-interl.yml,C,21.400127461s,359555072B
resistance.2.prop1-back-serstep.yml,C,28.127915487s,470048768B
resistance.2.prop1-func-interl.yml,C,14.307248839s,471678976B
resistance.2.prop2-back-serstep.yml,C,18.820388768s,543277056B
resistance.2.prop2-func-interl.yml,C,27.383085573s,465534976B
resistance.2.prop3-back-serstep.yml,C,32.080545862s,496041984B
resistance.2.prop3-func-interl.yml,C,17.437405252s,400691200B
rether.1.prop1-back-serstep.yml,C,29.685992765s,1230286848B
rether.1.prop1-func-interl.yml,C,27.104229634s,841535488B
rether.2.prop1-back-serstep.yml,C,95.109755236s,1403031552B
rether.2.prop1-func-interl.yml,C,32.734252172s,1081901056B
rether.3.prop1-func-interl.yml,C,111.965258378s,1395806208B
schedule_world.1.prop1-back-serstep.yml,C,28.294218264s,444628992B
schedule_world.1.prop1-func-interl.yml,C,23.401742722s,390455296B
schedule_world.2.prop1-back-serstep.yml,C,14.136489731s,1124716544B
schedule_world.2.prop1-func-interl.yml,C,20.900250086s,553861120B
schedule_world.3.prop1-back-serstep.yml,C,46.260315306s,1242476544B
schedule_world.3.prop1-func-interl.yml,C,35.772138535s,826482688B
sokoban.1.prop1-back-serstep.yml,C,200.577270649s,10555150336B
sokoban.1.prop1-func-interl.yml,C,140.952998792s,8313122816B
sokoban.2.prop1-back-serstep.yml,C,145.756125881s,11218042880B
sokoban.2.prop1-func-interl.yml,C,109.65524653s,8595034112B
synapse.2.prop1-back-serstep.yml,C,238.232054286s,5333716992B
synapse.2.prop1-func-interl.yml,C,121.254994347s,3966578688B
synapse.3.prop1-back-serstep.yml,C,219.853892292s,8393662464B
szymanski.1.prop1-back-serstep.yml,C,66.732953376s,929341440B
szymanski.1.prop1-func-interl.yml,C,29.694623634s,1026977792B
szymanski.2.prop1-back-serstep.yml,C,79.286769031s,1404825600B
szymanski.2.prop1-func-interl.yml,C,36.089770147s,972406784B
szymanski.3.prop1-back-serstep.yml,C,185.365135143s,3423322112B
szymanski.3.prop1-func-interl.yml,C,50.620952251s,1387999232B
szymanski.4.prop1-back-serstep.yml,C,202.374508801s,1307594752B
szymanski.4.prop1-func-interl.yml,C,104.585540439s,1561649152B
szymanski.5.prop1-back-serstep.yml,C,109.690461689s,3317993472B
szymanski.5.prop1-func-interl.yml,C,138.237505469s,1700376576B
telephony.1.prop1-back-serstep.yml,C,49.827171173s,1107832832B
telephony.1.prop1-func-interl.yml,C,68.18392438s,740302848B
telephony.2.prop1-back-serstep.yml,C,46.9254391s,1462411264B
telephony.2.prop1-func-interl.yml,C,109.839621618s,919314432B
telephony.3.prop1-back-serstep.yml,C,86.722922284s,1558888448B
telephony.3.prop1-func-interl.yml,C,55.541303427s,1241268224B
telephony.4.prop1-back-serstep.yml,C,179.720931807s,1381621760B
telephony.4.prop1-func-interl.yml,C,112.602866335s,1375604736B
telephony.5.prop1-back-serstep.yml,C,226.163378491s,6011314176B
telephony.5.prop1-func-interl.yml,C,114.982926469s,1995513856B
telephony.6.prop1-back-serstep.yml,C,143.676212134s,1342922752B
telephony.6.prop1-func-interl.yml,C,152.469869474s,3175538688B
telephony.7.prop1-func-interl.yml,C,113.055503846s,1821298688B
telephony.8.prop1-back-serstep.yml,C,103.313771569s,3958071296B
telephony.8.prop1-func-interl.yml,C,147.863052738s,1403617280B
train-gate.1.prop1-back-serstep.yml,C,31.506313746s,446222336B
train-gate.1.prop1-func-interl.yml,C,18.194965543s,478343168B
train-gate.2.prop1-back-serstep.yml,C,25.129244085s,969445376B
train-gate.2.prop1-func-interl.yml,C,22.637752964s,702734336B
train-gate.3.prop1-back-serstep.yml,C,30.696972702s,833458176B
train-gate.3.prop1-func-interl.yml,C,36.917804868s,759226368B
train-gate.4.prop1-back-serstep.yml,C,99.477429374s,921075712B
train-gate.4.prop1-func-interl.yml,C,30.902568753s,1174249472B
train-gate.5.prop1-back-serstep.yml,C,110.725462035s,883765248B
train-gate.5.prop1-func-interl.yml,C,64.472114454s,641847296B
train-gate.6.prop1-back-serstep.yml,C,110.317720554s,1033580544B
train-gate.6.prop1-func-interl.yml,C,79.529885816s,804839424B
train-gate.7.prop1-back-serstep.yml,C,88.585379905s,1396875264B
train-gate.7.prop1-func-interl.yml,C,62.869927631s,1291149312B
count2.yml,C,2.904373298s,116219904B
count4.yml,C,3.620558626s,110264320B
factorial4even.yml,C,6.81428253s,113217536B
recount4.yml,C,2.952375258s,112771072B
twocount2.yml,C,7.266547389s,114364416B
twocount32.yml,C,4.175062708s,112885760B
Huffman_dec.yml,C,11.843039965s,284028928B
Huffman_enc.yml,C,7.188696247s,208859136B
